virus;in_phase;estimate;averted;shift
Influenza only;Original;"Best (theta1)
2nd best (psi1)";"0 (0%)
0 (0%)";"0
0"
Influenza only;Simultaneous peaks;"Best (theta1)
2nd best (psi1)";"0 (0%)
0 (0%)";"0
0"
RSV only;Original;"Best (theta1)
2nd best (psi1)";"0 (0%)
5 (2%)";"0
0"
RSV only;Simultaneous peaks;"Best (theta1)
2nd best (psi1)";"0 (0%)
19 (8%)";"0
-1"
Codetection;Original;"Best (theta1)
2nd best (psi1)";"2 (62%)
0 (3%)";"0
0"
Codetection;Simultaneous peaks;"Best (theta1)
2nd best (psi1)";"5 (57%)
1 (6%)";"0
0"
