Iteration,beta1_1011,beta1_1112,beta1_1213,beta1_1314,beta1_1415,beta1_1516,beta1_1617,beta1_1718,beta1_1819,beta1_1920,beta2_1011,beta2_1112,beta2_1213,beta2_1314,beta2_1415,beta2_1516,beta2_1617,beta2_1718,beta2_1819,beta2_1920,eta1_1011,eta1_1112,eta1_1213,eta1_1314,eta1_1415,eta1_1516,eta1_1617,eta1_1718,eta1_1819,eta1_1920,eta2_1011,eta2_1112,eta2_1213,eta2_1314,eta2_1415,eta2_1516,eta2_1617,eta2_1718,eta2_1819,eta2_1920,alpha1,gamma1,alpha2,gamma2,pi_<6m,pi_6-12m,pi_1,pi_2-4,pi_5-17,pi_18-49,pi_50-64,pi_65-74,pi_75+,lh1_<6m,lh1_6-12m,lh1_1,lh1_2-4,lh1_5-17,lh1_18-49,lh1_50-64,lh1_65-74,lh1_75+,lh2_<6m,lh2_6-12m,lh2_1,lh2_2-4,lh2_5-17,lh2_18-49,lh2_50-64,lh2_65-74,lh2_75+,kappa1_0-4,kappa1_5-14,kappa1_15-64,kappa1_65+,kappa2_0-4,kappa2_5-14,kappa2_15-64,kappa2_65+,omega1,psi1,delta1,sigma1,theta1,omega2,psi2,delta2,sigma2,theta2,Loglik,Accepted,Season
0,4.23592243259241,2.80767116966412,2.25673497956375,2.73580351081621,2.70849426218107,2.2624282264218,2.41866750560222,2.44579143253572,2.44414584859679,2.06265664364188,1.54398385090659,1.6653291634713,1.43324985215695,1.2595600961415,1.54877277871374,1.72105579820254,1.99214975691919,1.51411911914181,2.04611930672261,1.61731351377794,-26.7497772813836,-3.88083943854892,-7.78385753884604,-6.78407627185373,-5.60867221114458,-5.83807726206073,-10.0120981450391,-9.35958925150593,-6.95839547692867,-26.5982758123723,-18.1238700995671,-17.4691768506086,-24.7248355351298,-23.8096317580435,-17.6995406580204,-14.7471113375066,-15.634025327811,-20.1322990856764,-13.6600710798537,-18.8779425959389,2.68199219822906,1.52838389719892,1.55555567096163,0.906735395569924,0.505569093294629,0.505568510213577,0.542423295383888,0.645128743653648,0.999999654320567,0.839312184375599,0.686365732674007,0.484882772849465,0.338111817657018,-2.14546598699641,-2.49654765271405,-2.54715725783017,-3.0493286934008,-4.11591647278046,-4.02653308063814,-3.36984691116232,-2.69744540354895,-2.17191449239036,-1.20944676429838,-1.87998610216752,-2.2653340149343,-2.97087065744316,-5.34518404844843,-4.90578896270821,-4.02794371817779,-3.37719679101324,-2.66739947399257,0.0836829988373789,0.0114030740694411,0.0405346472325688,0.0117723728317486,0.0343123538332763,0.00812378035040219,0.0205274749816955,0.0120437184675203,1000,1000.00000008027,1.00000034633551,1.000000444365,1.00000019240689,1000.0000000155,999.99999987032,0.999999398107688,1.00000015913456,0.781631957299234,NA,NA,All
50,4.23592243259241,2.79328487654739,2.29592441225652,2.75764368634844,2.70849426218107,2.27868844089628,2.43421549485507,2.43540790300763,2.41119836428134,2.06900014369479,1.54398385090659,1.67828544606873,1.4317679190881,1.25182120644794,1.54877277871374,1.76862226610757,1.97517004243041,1.51759295047497,2.04744989046868,1.66373064113428,-26.7497772813836,-3.91810938854086,-7.67763235018963,-6.77384339840358,-5.60867221114458,-5.77152632903817,-9.88632949569857,-9.47475349527597,-6.88066889334134,-26.5993814379819,-18.1238700995671,-17.4589111951068,-24.8564628274295,-23.8818245866631,-17.6995406580204,-14.7399890045087,-15.6662775191609,-20.2330757215441,-13.6725942806159,-18.7976344887948,2.68199219822906,1.52838389719892,1.55555567096163,0.906735395569924,0.505569093294629,0.505568510213577,0.542423295383888,0.645128743653648,0.999999654320567,0.839312184375599,0.686365732674007,0.484882772849465,0.338111817657018,-2.14703410994278,-2.4930168169235,-2.56535230341664,-3.06361523767946,-4.11890322908985,-4.02219271402546,-3.36080839218135,-2.6984895423558,-2.17684512112707,-1.1993940984849,-1.90082230940735,-2.26619617771766,-2.96245125778126,-5.36648389698837,-4.89669883171412,-4.03486442850609,-3.38734370371136,-2.67877331405185,0.0821608156601846,0.0141524292736862,0.0384964559341241,0.0145074361152443,0.0330507604235345,0.00654265630861764,0.0199793948350867,0.0142321192667904,1000,1000.00000008027,1.00000034633551,1.000000444365,1.00000019240689,1000.0000000155,999.99999987032,0.999999398107688,1.00000015913456,0.640515185168432,-11408.6199238108,0,19/20
100,4.23592243259241,2.79961793005498,2.29105079367627,2.75731143838396,2.74948168827601,2.27868844089628,2.4355610986523,2.44479269405983,2.4136366139157,2.06740432578032,1.54398385090659,1.67262601109243,1.45245066525125,1.19259932741583,1.53447383361776,1.76862226610757,1.9783434773125,1.52891455629113,2.05052919623086,1.65214940784087,-26.7497772813836,-3.85322055902515,-7.66721414114178,-6.7262896009911,-5.57148535176681,-5.77152632903817,-9.83506313147246,-9.52267557453371,-6.94146749869887,-26.6014626744729,-18.1238700995671,-17.414177884938,-24.8688830176742,-23.9364050900348,-17.7176508614547,-14.7399890045087,-15.6224653320215,-20.2397917940192,-13.6080503489128,-18.8325626692664,2.68199219822906,1.52838389719892,1.55555567096163,0.906735395569924,0.505569093294629,0.505568510213577,0.542423295383888,0.645128743653648,0.999999654320567,0.839312184375599,0.686365732674007,0.484882772849465,0.338111817657018,-2.14413007517734,-2.49535284793327,-2.56940485592397,-3.05992633298428,-4.11974510803019,-4.0203143228568,-3.36886485168357,-2.69797256055142,-2.18305848997092,-1.19812822592226,-1.89896158398845,-2.25739000743217,-2.95858108552159,-5.35844114582384,-4.89650383154258,-4.04089333626697,-3.38276485050687,-2.68799331472574,0.0784423579333828,0.0148305655106476,0.0363897391761651,0.0152859478776102,0.0306283590450308,0.00548782959529693,0.0183612446252846,0.0123653308787697,1000,1000.00000008027,1.00000034633551,1.000000444365,1.00000019240689,1000.0000000155,999.99999987032,0.999999398107688,1.00000015913456,0.837088790128228,-11409.3131777671,0,19/20
150,4.23592243259241,2.82352508407508,2.29105079367627,2.74488625698885,2.7505163192828,2.28497669953111,2.44246988094185,2.43414824652847,2.40777709786587,2.06740432578032,1.54398385090659,1.69421837599385,1.45245066525125,1.2146953289389,1.54356300787291,1.77512011167152,1.94268398571733,1.53423906871635,2.05204981444124,1.65214940784087,-26.7497772813836,-3.82046130030071,-7.66721414114178,-6.71583523954702,-5.62005868269569,-5.76631127776582,-9.81443142113996,-9.53150223259651,-6.96677739860882,-26.6014626744729,-18.1238700995671,-17.4469018688891,-24.8688830176742,-23.9284393881839,-17.7290675743739,-14.6859924295721,-15.6352644027064,-20.2358506688067,-13.6922966181477,-18.8325626692664,2.68199219822906,1.52838389719892,1.55555567096163,0.906735395569924,0.505569093294629,0.505568510213577,0.542423295383888,0.645128743653648,0.999999654320567,0.839312184375599,0.686365732674007,0.484882772849465,0.338111817657018,-2.14575682578189,-2.50233142675342,-2.57134022092367,-3.05033252490978,-4.12787392028613,-4.01255280495209,-3.38331816601803,-2.69668044861718,-2.18942665326995,-1.200349002695,-1.90489755353807,-2.25646396513526,-2.96145761213977,-5.37571027187348,-4.9110888932501,-4.04262320930205,-3.37508317269698,-2.69679003355428,0.0782474906474639,0.0148453534319418,0.037289557517011,0.0175784899338754,0.0310630653846809,0.00585929719382198,0.0194397904310831,0.0108183771371757,1000,1000.00000008027,1.00000034633551,1.000000444365,1.00000019240689,1000.0000000155,999.99999987032,0.999999398107688,1.00000015913456,0.813305923866557,-11408.4778441449,0,19/20
200,4.23592243259241,2.80906201396748,2.27260470027865,2.75939708873715,2.7505163192828,2.29365620161133,2.47378323073215,2.45929992735894,2.41806964816415,2.0857250284557,1.54398385090659,1.66302365794474,1.43760638692966,1.22981284785906,1.54356300787291,1.75994930349475,1.96296940754151,1.52981251877175,2.05392828619785,1.6552943038995,-26.7497772813836,-3.87646085834006,-7.53943837393634,-6.72381461445526,-5.62005868269569,-5.68088341789597,-9.84703689697759,-9.3857824946512,-6.88041313047576,-26.6402892371075,-18.1238700995671,-17.4262026632867,-24.7504208749462,-23.8967348552913,-17.7290675743739,-14.7400007751122,-15.8159519884291,-20.1543606829406,-13.6570198185065,-18.7582851770411,2.68199219822906,1.52838389719892,1.55555567096163,0.906735395569924,0.505569093294629,0.505568510213577,0.542423295383888,0.645128743653648,0.999999654320567,0.839312184375599,0.686365732674007,0.484882772849465,0.338111817657018,-2.1356512176348,-2.50574437515975,-2.56915166856009,-3.04128841801706,-4.11973068345223,-4.01443891489242,-3.38072955617792,-2.7078179124167,-2.19725265918826,-1.1984806992626,-1.90582135119454,-2.26198825041497,-2.97151001261952,-5.37569937419037,-4.91197046848101,-4.04370130075816,-3.37772507999026,-2.68776383049971,0.0783959946302827,0.014830623429113,0.038426769991466,0.0176246652029523,0.0292439789492054,0.00573690650299611,0.0201792396874212,0.0100514573373396,1000,1000.00000008027,1.00000034633551,1.000000444365,1.00000019240689,1000.0000000155,999.99999987032,0.999999398107688,1.00000015913456,0.584899037988873,-11407.9861525078,0,19/20
250,4.23592243259241,2.82282822959301,2.3043496830371,2.75924605644965,2.75260285794983,2.26775520452844,2.47574696746373,2.42237774657081,2.40324164097317,2.10698605302368,1.54398385090659,1.68088428779994,1.48225487987512,1.23680093292569,1.53836757406224,1.75890374368953,1.94529039751949,1.54685210238107,2.04603048556763,1.64608156957485,-26.7497772813836,-3.88683642903655,-7.56984982346154,-6.6717548200278,-5.5538384039607704,-5.58034058220019,-9.90952323828614,-9.37648402003483,-6.8940462954676,-26.6323687868027,-18.1238700995671,-17.4407361970691,-24.7228203036404,-23.9511747139169,-17.7736618215799,-14.7531207586614,-15.8298368563186,-20.1748804127549,-13.5836742704029,-18.8102287019639,2.68199219822906,1.52838389719892,1.55555567096163,0.906735395569924,0.505569093294629,0.505568510213577,0.542423295383888,0.645128743653648,0.999999654320567,0.839312184375599,0.686365732674007,0.484882772849465,0.338111817657018,-2.12797913754236,-2.50712763867249,-2.56345432800125,-3.04405007343832,-4.11211519024709,-4.01158941750082,-3.38422600925671,-2.70825206649823,-2.19035193457014,-1.18533592865982,-1.90394027887006,-2.26237089291016,-2.97342014031539,-5.36724356093948,-4.90414704981691,-4.0417144522682404,-3.3656924574345,-2.68669869618862,0.0787239259898143,0.0130798991103762,0.0392522949133804,0.0169359517039814,0.0295361697310284,0.00586074679550773,0.0204195389684584,0.0101716038557176,1000,1000.00000008027,1.00000034633551,1.000000444365,1.00000019240689,1000.0000000155,999.99999987032,0.999999398107688,1.00000015913456,0.339830083537077,-11413.1783181208,1,18/19
300,4.23592243259241,2.81903280418163,2.3043496830371,2.75097034297579,2.74360445769607,2.30778202416601,2.48796287273706,2.42078794397846,2.41938582093501,2.10698605302368,1.54398385090659,1.6706194526397,1.48225487987512,1.23935615469863,1.53447190638191,1.75453952830353,1.94187142488526,1.51623842618746,2.07628383977168,1.64608156957485,-26.7497772813836,-3.78453845238419,-7.56984982346154,-6.68975663086803,-5.52522596671837,-5.64859906280148,-9.80077197300638,-9.40945491932723,-6.91217082103223,-26.6323687868027,-18.1238700995671,-17.4149064639569,-24.7228203036404,-24.0471815963224,-17.7809636728322,-14.8140883206009,-15.8132894648195,-20.1065050249687,-13.5886304848079,-18.8102287019639,2.68199219822906,1.52838389719892,1.55555567096163,0.906735395569924,0.505569093294629,0.505568510213577,0.542423295383888,0.645128743653648,0.999999654320567,0.839312184375599,0.686365732674007,0.484882772849465,0.338111817657018,-2.12445048465389,-2.51072611318549,-2.57071954947594,-3.04521109641688,-4.11737258775762,-4.00876597433046,-3.38296290064386,-2.70990382927835,-2.1992002706083,-1.18392265347764,-1.90332492331301,-2.26533896777404,-2.97325657784039,-5.36561632759464,-4.9127835746891,-4.03504225245159,-3.35429920919332,-2.68416433813778,0.0775315400000654,0.0120875475639105,0.0380302340328916,0.0162743649270374,0.0291168644238321,0.00732407537608245,0.0200825485865637,0.0118606133139978,1000,1000.00000008027,1.00000034633551,1.000000444365,1.00000019240689,1000.0000000155,999.99999987032,0.999999398107688,1.00000015913456,0.219590089119679,-11411.9604380386,0,18/19
350,4.23592243259241,2.81927085807151,2.23892222325392,2.75288466843937,2.75089576021674,2.3015064903014,2.5290970978414,2.45232034717848,2.40823123202946,2.10698605302368,1.54398385090659,1.67429490405575,1.45753709843421,1.2417215186578,1.53848859944903,1.7357811180655,1.93338016271006,1.54033182621403,2.05556318238271,1.64608156957485,-26.7497772813836,-3.76578555340355,-7.50962341173874,-6.71152814972426,-5.51041818860681,-5.70261397783185,-9.82635050647603,-9.37563820329578,-6.91027064424584,-26.6323687868027,-18.1238700995671,-17.3554361380333,-24.6511259124449,-24.0463625206999,-17.7471463428471,-14.6718160957754,-15.9003038585618,-20.0944567747081,-13.6256041233357,-18.8102287019639,2.68199219822906,1.52838389719892,1.55555567096163,0.906735395569924,0.505569093294629,0.505568510213577,0.542423295383888,0.645128743653648,0.999999654320567,0.839312184375599,0.686365732674007,0.484882772849465,0.338111817657018,-2.13266507381633,-2.50925312216382,-2.56444828846004,-3.04505495520934,-4.11569694958593,-4.01478045787361,-3.38258684244403,-2.71164703934292,-2.2080171762458,-1.17530631144267,-1.90961124033261,-2.26860328883958,-2.97724663580435,-5.36656140858156,-4.91224250546104,-4.03140468517845,-3.3588688350647,-2.69781609764192,0.0771745861757658,0.015836087921545,0.0355120022781283,0.0155647778230748,0.0282671934825462,0.00711767701986179,0.0204995091674648,0.0111435639959604,1000,1000.00000008027,1.00000034633551,1.000000444365,1.00000019240689,1000.0000000155,999.99999987032,0.999999398107688,1.00000015913456,0.193222392215081,-11418.454492998,1,18/19
400,4.23592243259241,2.82565681257445,2.26603926736989,2.73612096725013,2.75915952203962,2.29903903008934,2.5086527932041,2.49116691932889,2.41977312253118,2.09573339938529,1.54398385090659,1.68198753678828,1.49231636222851,1.22209060138817,1.52140340525286,1.76012307318619,1.91669557779457,1.52775904896682,2.04215026834968,1.61178961271123,-26.7497772813836,-3.8667895188626,-7.45656189391067,-6.75890657210804,-5.47957999726794,-5.76494389059279,-9.8413667828665,-9.25996838272591,-6.81644960433331,-26.6250531415239,-18.1238700995671,-17.3556659765892,-24.6826445646655,-24.132383704513,-17.7177438162511,-14.6440004443393,-15.9538688819401,-20.148328079017,-13.7541332825274,-18.8831113731833,2.68199219822906,1.52838389719892,1.55555567096163,0.906735395569924,0.505569093294629,0.505568510213577,0.542423295383888,0.645128743653648,0.999999654320567,0.839312184375599,0.686365732674007,0.484882772849465,0.338111817657018,-2.12248686043591,-2.51500750028201,-2.56994804809521,-3.04712126642052,-4.10725649087957,-4.01225733399015,-3.37652581585228,-2.70992762812871,-2.19633236176012,-1.1714546909441,-1.9017307071454,-2.2662547539843,-2.97700841413647,-5.37401892010038,-4.91452678796771,-4.02528264950908,-3.34764984369529,-2.70915559864234,0.0770172239759509,0.0163154559982559,0.0351952578247688,0.0158165216986492,0.0299092532325093,0.0092165959077451,0.019808973229717,0.0102462516036214,1000,1000.00000008027,1.00000034633551,1.000000444365,1.00000019240689,1000.0000000155,999.99999987032,0.999999398107688,1.00000015913456,0.157691832796454,-11414.2843473745,0,18/19
450,4.23592243259241,2.83568787288052,2.26673054359217,2.72769204407382,2.74656671580443,2.26052657045238,2.50578140192133,2.49116691932889,2.42819441135743,2.1085799947517,1.54398385090659,1.66187489202298,1.49120274591508,1.23295299050539,1.55718013535714,1.769247722319,1.92455798250522,1.52775904896682,2.03304535200198,1.66907966122585,-26.7497772813836,-3.98173725486509,-7.46654635422257,-6.72405355672541,-5.54265895973119,-5.69771991447717,-9.67911866062476,-9.25996838272591,-6.75250677576413,-26.6466048653063,-18.1238700995671,-17.317617966421,-24.6774773118115,-24.1496023599201,-17.6505887879482,-14.6985330659672,-16.15756560031,-20.148328079017,-13.7228620447865,-19.0136865137172,2.68199219822906,1.52838389719892,1.55555567096163,0.906735395569924,0.505569093294629,0.505568510213577,0.542423295383888,0.645128743653648,0.999999654320567,0.839312184375599,0.686365732674007,0.484882772849465,0.338111817657018,-2.12219207258165,-2.51310664849995,-2.57520503593259,-3.04588317526893,-4.10752777365981,-4.01454795381778,-3.37346194046513,-2.71065085801365,-2.1982235935401,-1.18237364287297,-1.90164257754983,-2.26969428521934,-2.97752540911879,-5.38525345697566,-4.92218145268391,-4.02392196654652,-3.34693909849316,-2.71887001893835,0.0772748482907383,0.0164572711377639,0.036774083730808003,0.0152922024241751,0.0318137584810418,0.00939550168723307,0.0194373045577859,0.0131166719166108,1000,1000.00000008027,1.00000034633551,1.000000444365,1.00000019240689,1000.0000000155,999.99999987032,0.999999398107688,1.00000015913456,0.55826872465426,-11415.6652621392,1,18/19
500,4.23592243259241,2.80717277646256,2.27785755987708,2.7365773594475,2.75472705030537,2.30703110097982,2.46695422434483,2.47361720081683,2.45448978881682,2.1085799947517,1.54398385090659,1.6596364431218,1.50390918160264,1.24241804931833,1.5491038300918,1.75927103672739,1.89400745373896,1.51755607688425,2.03783624000745,1.66907966122585,-26.7497772813836,-3.9523606810601,-7.44749666223248,-6.77299231276966,-5.55425734294893,-5.61996744986379,-9.59358079564173,-9.25787481838139,-6.78366940127645,-26.6466048653063,-18.1238700995671,-17.2655422700363,-24.6370108592797,-24.0796768324284,-17.6396461955854,-14.7095645348907,-16.0661425844641,-20.2150920319821,-13.7415392868754,-19.0136865137172,2.68199219822906,1.52838389719892,1.55555567096163,0.906735395569924,0.505569093294629,0.505568510213577,0.542423295383888,0.645128743653648,0.999999654320567,0.839312184375599,0.686365732674007,0.484882772849465,0.338111817657018,-2.13846842001012,-2.52048871422702,-2.56532354224829,-3.06275933415466,-4.11604664514348,-4.0206590456137,-3.39150029645885,-2.72245173907414,-2.19840816811766,-1.19106863834052,-1.91740108094374,-2.27445065654594,-2.97599604512166,-5.38680201273571,-4.92189998583099,-4.01556012806769,-3.3410853892471,-2.71310511987547,0.0749169837842536,0.0166605854550371,0.0342485811371563,0.0158835490604397,0.0329262771421061,0.0104326555615824,0.0194532419053788,0.0087012400623558,1000,1000.00000008027,1.00000034633551,1.000000444365,1.00000019240689,1000.0000000155,999.99999987032,0.999999398107688,1.00000015913456,0.498075308092884,-11412.2962865334,1,17/18
550,4.23592243259241,2.82643404248735,2.31090463061164,2.74294026609843,2.72243208199114,2.26127913038727,2.46786607897343,2.45135891741414,2.42306960340013,2.1085799947517,1.54398385090659,1.6903666542638,1.48955087179725,1.23768273643085,1.55621748671711,1.75024848776675,1.94434994281924,1.52109038696511,1.99871812602103,1.66907966122585,-26.7497772813836,-3.91669377957106,-7.39752171445184,-6.74935690572987,-5.53835455570978,-5.61524311247653,-9.55222094132582,-9.36180921175623,-6.848055785091,-26.6466048653063,-18.1238700995671,-17.3470506843015,-24.6901991675005,-23.924153091933,-17.6969914999487,-14.7532997074905,-16.0329667496043,-20.1740562344037,-13.7420704284612,-19.0136865137172,2.68199219822906,1.52838389719892,1.55555567096163,0.906735395569924,0.505569093294629,0.505568510213577,0.542423295383888,0.645128743653648,0.999999654320567,0.839312184375599,0.686365732674007,0.484882772849465,0.338111817657018,-2.14318610274759,-2.51059338125762,-2.5658148570082,-3.0610020511072,-4.09619698396988,-4.02547043793922,-3.38752277292942,-2.71282628174206,-2.18050738480986,-1.1947566519938,-1.92052543854535,-2.28372298132916,-2.9772632855413,-5.39203658159392,-4.90526813551439,-4.01190487696133,-3.35289440546471,-2.70552815462642,0.0740158458916056,0.0152976822933402,0.0310978915915057,0.015929408468604,0.0318868363616117,0.0103511904592007,0.0151082566098041,0.00854831587051012,1000,1000.00000008027,1.00000034633551,1.000000444365,1.00000019240689,1000.0000000155,999.99999987032,0.999999398107688,1.00000015913456,0.509466706779888,-11413.1380037244,1,17/18
600,4.23592243259241,2.82380720434237,2.29304834825566,2.72088182407266,2.70640051013227,2.27312188253923,2.479637598358,2.46225958561461,2.42650960001715,2.1085799947517,1.54398385090659,1.67943259340645,1.47524476617574,1.21919628858963,1.54912441069063,1.76373704441713,1.87957656251654,1.52418678612669,2.0335674175071,1.66907966122585,-26.7497772813836,-3.83326893864994,-7.29778936692869,-6.81951308811519,-5.45517424647991,-5.52443553072501,-9.45403670801142,-9.3230518188572,-6.87744892919554,-26.6466048653063,-18.1238700995671,-17.3109676395636,-24.7241536348208,-24.0960530271382,-17.7326388001305,-14.7585379000951,-16.1383850697646,-20.2274871269634,-13.7332000801011,-19.0136865137172,2.68199219822906,1.52838389719892,1.55555567096163,0.906735395569924,0.505569093294629,0.505568510213577,0.542423295383888,0.645128743653648,0.999999654320567,0.839312184375599,0.686365732674007,0.484882772849465,0.338111817657018,-2.14262621701126,-2.51471682711999,-2.56101727703029,-3.05807039055417,-4.09777728934141,-4.04968200635633,-3.37852496594312,-2.71099173980952,-2.18038080221498,-1.19636534113825,-1.92470055729952,-2.28418493329907,-2.97675459081532,-5.39384313182404,-4.90882239613257,-4.01514398278416,-3.35676259521392,-2.70394290808104,0.0734560874912936,0.013117358867703,0.0305049612210719,0.0166366342225432,0.0325785486005235,0.00847761723200749,0.0156963200020042,0.00802911479181302,1000,1000.00000008027,1.00000034633551,1.000000444365,1.00000019240689,1000.0000000155,999.99999987032,0.999999398107688,1.00000015913456,0.267882246851117,-11409.2664489393,0,17/18
650,4.23592243259241,2.82380720434237,2.28304391746215,2.72488688950721,2.77951388592027,2.3052554569531,2.49021004489099,2.45394349621459,2.42430331289624,2.1085799947517,1.54398385090659,1.67943259340645,1.47274760947748,1.22772519114744,1.51509151945166,1.78566473746018,1.94008276588036,1.54589116340398,2.0149378756689,1.66907966122585,-26.7497772813836,-3.83326893864994,-7.2119239920611,-6.88585387105729,-5.45099228226797,-5.46709201112407,-9.38685478047206,-9.39251961712969,-6.83220329517368,-26.6466048653063,-18.1238700995671,-17.3109676395636,-24.5999977037945,-24.0600180578481,-17.8495786370048,-14.6335904248761,-16.1893141333611,-20.1995609996148,-13.8339202259414,-19.0136865137172,2.68199219822906,1.52838389719892,1.55555567096163,0.906735395569924,0.505569093294629,0.505568510213577,0.542423295383888,0.645128743653648,0.999999654320567,0.839312184375599,0.686365732674007,0.484882772849465,0.338111817657018,-2.13534819687295,-2.50310705410103,-2.5730411759434,-3.06247290949593,-4.09992786286808,-4.03894964159041,-3.37539627171656,-2.71909453341655,-2.18700022516439,-1.18903837515974,-1.93916330979755,-2.29094898324475,-2.98296074723634,-5.38957514570486,-4.90694237514547,-4.02689463573772,-3.35870483590338,-2.71831629834365,0.0722113152575772,0.0151345641683811,0.0290044956197259,0.0181648932294725,0.0341186590521527,0.00944223196047495,0.0174543433360039,0.00778310007669258,1000,1000.00000008027,1.00000034633551,1.000000444365,1.00000019240689,1000.0000000155,999.99999987032,0.999999398107688,1.00000015913456,0.83342486468236,-11410.3659657645,0,17/18
700,4.23592243259241,2.84039304989849,2.28928192629414,2.73413948411818,2.79078448732587,2.3052554569531,2.50143533656841,2.44621474833003,2.42667709198847,2.1085799947517,1.54398385090659,1.69578537030344,1.46652398169452,1.22398591193137,1.52138663526557,1.78566473746018,1.91978649893869,1.53182199341071,2.01950813289908,1.66907966122585,-26.7497772813836,-3.84538091034016,-7.18741023965735,-6.8698374571598,-5.42040245926478,-5.46709201112407,-9.26154702644676,-9.42018480857492,-6.80233799480566,-26.6466048653063,-18.1238700995671,-17.207705811964,-24.4812582212568,-24.0482143425949,-17.9261942888794,-14.6335904248761,-16.3215702415498,-20.3053040628933,-13.8398505400551,-19.0136865137172,2.68199219822906,1.52838389719892,1.55555567096163,0.906735395569924,0.505569093294629,0.505568510213577,0.542423295383888,0.645128743653648,0.999999654320567,0.839312184375599,0.686365732674007,0.484882772849465,0.338111817657018,-2.13534819687295,-2.50310705410103,-2.5730411759434,-3.06247290949593,-4.09992786286808,-4.03894964159041,-3.37539627171656,-2.71909453341655,-2.18700022516439,-1.18903837515974,-1.93916330979755,-2.29094898324475,-2.98296074723634,-5.38957514570486,-4.90694237514547,-4.02689463573772,-3.35870483590338,-2.71831629834365,0.0722113152575772,0.0151345641683811,0.0290044956197259,0.0181648932294725,0.0341186590521527,0.00944223196047495,0.0174543433360039,0.00778310007669258,1000,1000.00000008027,1.00000034633551,1.000000444365,1.00000019240689,1000.0000000155,999.99999987032,0.999999398107688,1.00000015913456,0.333249170557146,-11407.8313721582,0,17/18
750,4.23592243259241,2.84039304989849,2.30762268728828,2.74612298824837,2.78874678207582,2.30822145961221,2.51047063306984,2.44621474833003,2.41148600737969,2.11656826028391,1.54398385090659,1.69578537030344,1.47465508906075,1.22227329850064,1.52928187003859,1.77777830496823,1.88377850179135,1.53182199341071,2.02551143561014,1.64526297542783,-26.7497772813836,-3.84538091034016,-7.15731378363337,-6.78333352466543,-5.42087737875729,-5.37414100557376,-9.28818552970473,-9.42018480857492,-6.80533848031633,-26.6420365992157,-18.1238700995671,-17.207705811964,-24.5254111397703,-24.0202002938804,-17.8809161852468,-14.5986539843719,-16.3262187611018,-20.3053040628933,-13.7285437467059,-19.0190880010741,2.68199219822906,1.52838389719892,1.55555567096163,0.906735395569924,0.505569093294629,0.505568510213577,0.542423295383888,0.645128743653648,0.999999654320567,0.839312184375599,0.686365732674007,0.484882772849465,0.338111817657018,-2.13570472649808,-2.50336397857532,-2.57787032053984,-3.06216552322321,-4.10746227884453,-4.04288623308644,-3.3789596276332,-2.71892798679964,-2.18509273098131,-1.18733180787509,-1.93659470119618,-2.29207319036575,-2.9841851931785,-5.39122838470144,-4.90098614690095,-4.02559551645422,-3.3640740740154,-2.71445195439353,0.0722288044407292,0.0148637793593889,0.0296401787819574,0.0183265381580982,0.0333607774031605,0.0071479269141954,0.0167094250980558,0.00811880137206576,1000,1000.00000008027,1.00000034633551,1.000000444365,1.00000019240689,1000.0000000155,999.99999987032,0.999999398107688,1.00000015913456,0.673452350288726,-11407.5960998062,0,16/17
800,4.23592243259241,2.84033991115723,2.3218592702646,2.73013933318494,2.75203508698375,2.31304271756511,2.51047063306984,2.44621474833003,2.40509653009404,2.11656826028391,1.54398385090659,1.70003487381968,1.47693364893686,1.26579603974708,1.53212450969534,1.7832962840931,1.88377850179135,1.53182199341071,2.0208267517722,1.64526297542783,-26.7497772813836,-3.81157804079448,-7.12574857060669,-6.85687956116617,-5.47345832210129,-5.36163529610607,-9.28818552970473,-9.42018480857492,-6.85145976846044,-26.6420365992157,-18.1238700995671,-17.1651816682474,-24.5695218889397,-24.0339813535446,-17.8911541747704,-14.5569351426277,-16.3262187611018,-20.3053040628933,-13.8326105455057,-19.0190880010741,2.68199219822906,1.52838389719892,1.55555567096163,0.906735395569924,0.505569093294629,0.505568510213577,0.542423295383888,0.645128743653648,0.999999654320567,0.839312184375599,0.686365732674007,0.484882772849465,0.338111817657018,-2.13690713760479,-2.50362374056954,-2.57199181165775,-3.07260672854773,-4.10600916863468,-4.0436744011668,-3.38620964643581,-2.72911245540571,-2.17963628129024,-1.19751802625891,-1.92470427772334,-2.28294759516017,-2.98442395368435,-5.38291205386357,-4.89929092256502,-4.01869574187185,-3.36419578180411,-2.70136855896441,0.0717975074688575,0.0131253782929975,0.0291509989750337,0.0168930843071585,0.028670302380372,0.00816758909007368,0.0178296266236632,0.00881649152387313,1000,1000.00000008027,1.00000034633551,1.000000444365,1.00000019240689,1000.0000000155,999.99999987032,0.999999398107688,1.00000015913456,0.126305009420658,-11404.2123385737,0,16/17
850,4.23592243259241,2.84033991115723,2.28779097983903,2.75038303621179,2.75246355117442,2.31304271756511,2.50126843117197,2.44621474833003,2.4512615242344,2.11656826028391,1.54398385090659,1.70003487381968,1.41976310073627,1.24552899828013,1.54839535331789,1.7832962840931,1.93418205957196,1.53182199341071,2.02914181118675,1.64526297542783,-26.7497772813836,-3.81157804079448,-7.06599354655414,-6.87389228445692,-5.42906817859636,-5.36163529610607,-9.29075690256674,-9.42018480857492,-6.82417270341233,-26.6420365992157,-18.1238700995671,-17.1651816682474,-24.6279513372611,-23.9434932513968,-17.8517247883726,-14.5569351426277,-16.3167980473287,-20.3053040628933,-13.7237219241837,-19.0190880010741,2.68199219822906,1.52838389719892,1.55555567096163,0.906735395569924,0.505569093294629,0.505568510213577,0.542423295383888,0.645128743653648,0.999999654320567,0.839312184375599,0.686365732674007,0.484882772849465,0.338111817657018,-2.12047411024259,-2.49995100021085,-2.57086587741704,-3.07501305136944,-4.10059103347832,-4.05204164389644,-3.38778596888976,-2.73327997587894,-2.18223566504281,-1.20628708501521,-1.91307303228022,-2.28100397808535,-2.98756771396421,-5.37165583369557,-4.89831397819093,-4.01664663128176,-3.35732115200274,-2.68856620784376,0.0706571276156311,0.0164988405382263,0.0294853177622889,0.0170864621841285,0.0293795136746331,0.00907234978253931,0.0168267731942224,0.00869286586287893,1000,1000.00000008027,1.00000034633551,1.000000444365,1.00000019240689,1000.0000000155,999.99999987032,0.999999398107688,1.00000015913456,0.465007297743557,-11404.7637446058,1,16/17
900,4.23592243259241,2.83754335031692,2.30607647711293,2.73572613305075,2.75246355117442,2.3226579558393,2.49766021463008,2.44621474833003,2.43140349963449,2.11998087872446,1.54398385090659,1.67930943434479,1.43954509693742,1.23291755007656,1.54839535331789,1.80040740496784,1.9135318526767,1.53182199341071,2.03221760604409,1.62126488210875,-26.7497772813836,-3.80011239297347,-7.0378347768295,-6.73962750766538,-5.42906817859636,-5.44170484837656,-9.2629163502359,-9.42018480857492,-6.84784477794198,-26.6516497176881,-18.1238700995671,-17.1831910655817,-24.61381004844,-23.8284235287426,-17.8517247883726,-14.6438804653675,-16.3087916281145,-20.3053040628933,-13.75339246883,-19.0409778375278,2.68199219822906,1.52838389719892,1.55555567096163,0.906735395569924,0.505569093294629,0.505568510213577,0.542423295383888,0.645128743653648,0.999999654320567,0.839312184375599,0.686365732674007,0.484882772849465,0.338111817657018,-2.13239159307905,-2.48581588774585,-2.5679820273144,-3.0786242181594,-4.10083307105262,-4.06260781589208,-3.38019973587816,-2.73892765662064,-2.17619880785292,-1.20347629021543,-1.91660446507426,-2.28434693328026,-2.98475840640064,-5.38358934009969,-4.88910968550612,-4.02597630162163,-3.36275983474242,-2.68955300738072,0.069527959152253,0.0178025481132335,0.0303435251397788,0.0178977072185089,0.0276238567406892,0.0109960493046145,0.0175678312133728,0.00938938969539573,1000,1000.00000008027,1.00000034633551,1.000000444365,1.00000019240689,1000.0000000155,999.99999987032,0.999999398107688,1.00000015913456,0.38336890504851,-11402.8131174913,0,16/17
950,4.23592243259241,2.82367590882005,2.32205495128822,2.73931686537699,2.78031125946821,2.29809846825936,2.5116227716025,2.42908734277794,2.43140349963449,2.11998087872446,1.54398385090659,1.68556430594273,1.45619025887291,1.25261403428379,1.53598842700773,1.79597749576788,1.89462291754058,1.52239163852038,2.03221760604409,1.62126488210875,-26.7497772813836,-3.88611860144474,-7.01258679503037,-6.73321291090119,-5.38426282149839,-5.50939977319427,-9.21196187563838,-9.38770108689737,-6.84784477794198,-26.6516497176881,-18.1238700995671,-17.2590570810725,-24.5811334461586,-23.913945718643,-17.8958232691073,-14.6964842449452,-16.3334624278417,-20.3134686545775,-13.75339246883,-19.0409778375278,2.68199219822906,1.52838389719892,1.55555567096163,0.906735395569924,0.505569093294629,0.505568510213577,0.542423295383888,0.645128743653648,0.999999654320567,0.839312184375599,0.686365732674007,0.484882772849465,0.338111817657018,-2.1490002757043,-2.50128854356017,-2.56897754315433,-3.08660355600837,-4.10167095747987,-4.06016167298311,-3.36624620710629,-2.73149713373998,-2.17396961910821,-1.20368402961892,-1.92900490888256,-2.29127007361888,-2.98644240331156,-5.38586528716354,-4.88043325449665,-4.02043260087304,-3.36031251307191,-2.68402048921123,0.0675784996233911,0.0156309601984267,0.0324379632826123,0.0184493232869606,0.0292838200220083,0.00970930630771822,0.0179692799913686,0.00777552588507885,1000,1000.00000008027,1.00000034633551,1.000000444365,1.00000019240689,1000.0000000155,999.99999987032,0.999999398107688,1.00000015913456,0.876936097245407,-11402.4530375812,0,16/17
1000,4.23592243259241,2.83918656602823,2.30865180215603,2.72791125734249,2.77254097514497,2.30139977897091,2.53209111775545,2.44387460217196,2.42566405493765,2.07353222128807,1.54398385090659,1.70738024900457,1.42690912351989,1.23964178962866,1.53854785643035,1.78517351934672,1.89841375118081,1.54376810834425,2.03595383625229,1.59987049397398,-26.7497772813836,-3.81158806501204,-6.97461696066427,-6.66711955972215,-5.39107636368654,-5.60187611303734,-9.1467921493459,-9.41240007610625,-6.77663646148187,-26.618201320615,-18.1238700995671,-17.2198553357396,-24.6575610257393,-23.8874372896669,-17.9304840956684,-14.6793213493457,-16.3604308952901,-20.5028689177718,-13.8974752410163,-19.0805824155392,2.68199219822906,1.52838389719892,1.55555567096163,0.906735395569924,0.505569093294629,0.505568510213577,0.542423295383888,0.645128743653648,0.999999654320567,0.839312184375599,0.686365732674007,0.484882772849465,0.338111817657018,-2.1570382277488,-2.50339420424194,-2.56724674363748,-3.07574723543616,-4.10367822574791,-4.06186375116945,-3.36648947013979,-2.73074621473197,-2.18927739789128,-1.19936060196244,-1.92761654049006,-2.28161014652391,-2.9819127283924,-5.39139286798285,-4.87563413411778,-4.027938609905,-3.36092627890799,-2.6875234398092,0.0692201062896398,0.015659435247274,0.0329141180590695,0.0171301664456514,0.0304258032559202,0.00928584078097962,0.0191312448627159,0.00814131532937894,1000,1000.00000008027,1.00000034633551,1.000000444365,1.00000019240689,1000.0000000155,999.99999987032,0.999999398107688,1.00000015913456,0.23070692872167,-11402.7545974791,0,15/16
1050,4.23592243259241,2.82274279877783,2.32164481587597,2.69465163638335,2.77415308088245,2.30139977897091,2.54926610965408,2.46060524947048,2.42566405493765,2.07353222128807,1.54398385090659,1.69178447635551,1.43218408419528,1.2463155456301,1.53150946371979,1.78517351934672,1.85797255398082,1.53072023612025,2.03595383625229,1.59987049397398,-26.7497772813836,-3.94590461381148,-7.04574156079249,-6.63320515389095,-5.35389016086336,-5.60187611303734,-9.20763809163504,-9.31209656619126,-6.77663646148187,-26.618201320615,-18.1238700995671,-17.1851151469224,-24.6866349817939,-24.019649672136,-17.9626954149393,-14.6793213493457,-16.4063203415827,-20.4634378700204,-13.8974752410163,-19.0805824155392,2.68199219822906,1.52838389719892,1.55555567096163,0.906735395569924,0.505569093294629,0.505568510213577,0.542423295383888,0.645128743653648,0.999999654320567,0.839312184375599,0.686365732674007,0.484882772849465,0.338111817657018,-2.15951927261981,-2.5071027848724,-2.56812195193717,-3.07683777444833,-4.09468204551924,-4.06425439308231,-3.36966844106812,-2.73068953636246,-2.19232050731558,-1.19755090946805,-1.92574896534703,-2.28762431923154,-2.97376378857448,-5.39656789753609,-4.87440441920376,-4.02004036631012,-3.36457787956501,-2.68473363006215,0.0680291389710521,0.0164760103506599,0.0328620901263574,0.0192599928734036,0.030040149891687,0.00965869123872887,0.019187886172783,0.00891485038171341,1000,1000.00000008027,1.00000034633551,1.000000444365,1.00000019240689,1000.0000000155,999.99999987032,0.999999398107688,1.00000015913456,0.580878914021249,-11405.4034055149,0,15/16
1100,4.23592243259241,2.84252159046716,2.27162389696457,2.74717698433476,2.78327827446439,2.28681030357682,2.53890685162472,2.47229450314089,2.43858956361538,2.06206251561956,1.54398385090659,1.68866250178611,1.43577893108212,1.29543526803557,1.53817371602044,1.76026448996196,1.88783595284813,1.534242856868,2.07088176756526,1.6101899413688,-26.7497772813836,-3.98107761236136,-6.9817520363664,-6.67854712993818,-5.30420422143758,-5.69877549848022,-9.06336805102887,-9.2607545929028,-6.837404881147,-26.6091984065124,-18.1238700995671,-17.2273485704835,-24.730641991440802,-24.1909392664076,-17.913663257244,-14.6763738689387,-16.4463504099933,-20.2767144989483,-13.8871834108101,-19.068675509263,2.68199219822906,1.52838389719892,1.55555567096163,0.906735395569924,0.505569093294629,0.505568510213577,0.542423295383888,0.645128743653648,0.999999654320567,0.839312184375599,0.686365732674007,0.484882772849465,0.338111817657018,-2.15355941327743,-2.49206273449346,-2.57596843499444,-3.08108391716547,-4.09099002889389,-4.06552792201611,-3.36992288635877,-2.72910789474898,-2.19598401508461,-1.2002868899254,-1.92192053926276,-2.28856901990393,-2.98957200699108,-5.3906470681132,-4.87209225326255,-4.01566782797172,-3.36743637113731,-2.68929193420881,0.0682249876013575,0.0150051781383335,0.0323576824456522,0.0205154815413622,0.0302622366133084,0.00957078147413406,0.0161544918611015,0.0109270785224743,1000,1000.00000008027,1.00000034633551,1.000000444365,1.00000019240689,1000.0000000155,999.99999987032,0.999999398107688,1.00000015913456,0.921586529002203,-11411.9259635803,1,15/16
1150,4.23592243259241,2.80320871789229,2.29425986951704,2.76269678443759,2.76591810663837,2.28681030357682,2.51160658059691,2.48076018901761,2.42562233417525,2.058277283606,1.54398385090659,1.66304950513705,1.47422768421441,1.27179965887216,1.52789544909734,1.76026448996196,1.87303310141494,1.53495576559809,2.05866527828087,1.6192806516713,-26.7497772813836,-3.93267209469915,-7.06983902347445,-6.77232225730627,-5.33260594852189,-5.69877549848022,-8.98538442357801,-9.1683679051194,-6.6354776057661,-26.5709897886172,-18.1238700995671,-17.2901808399773,-24.7096140490119,-24.1549330093824,-17.9864090985363,-14.6763738689387,-16.4266434204575,-20.2482775270667,-13.8416664599311,-19.1316802136747,2.68199219822906,1.52838389719892,1.55555567096163,0.906735395569924,0.505569093294629,0.505568510213577,0.542423295383888,0.645128743653648,0.999999654320567,0.839312184375599,0.686365732674007,0.484882772849465,0.338111817657018,-2.16489140167134,-2.48573117764623,-2.57097047846587,-3.08873737264142,-4.07116626152597,-4.05775637322022,-3.3612341204637,-2.71581710607033,-2.19096644205735,-1.19848297443861,-1.93317286207373,-2.29255355370332,-3.00701831897721,-5.40357411021509,-4.88208093761025,-4.01346330381976,-3.37380137636505,-2.687820376099,0.066330710629179307,0.0149839397671904,0.0335989246695139,0.0208675817423581,0.0290226093390307,0.00816944807673654,0.0179238484641143,0.00910484293233755,1000,1000.00000008027,1.00000034633551,1.000000444365,1.00000019240689,1000.0000000155,999.99999987032,0.999999398107688,1.00000015913456,0.707135851120091,-11408.4152818024,0,15/16
1200,4.23592243259241,2.80680164171799,2.30905888610851,2.73883346515182,2.77611268555029,2.28206014576338,2.51807707858298,2.4798279420665,2.45390049639205,2.05078121107464,1.54398385090659,1.68399740185195,1.41787876174948,1.25463456024189,1.54992924014099,1.80760816707132,1.90563614391807,1.52893955631201,2.051321098468,1.61511648550793,-26.7497772813836,-4.01256411357906,-7.10814797169694,-6.74333007859099,-5.29123424284927,-5.46751854931806,-8.9234747951578,-9.21863384195219,-6.65988497641084,-26.5724104340534,-18.1238700995671,-17.3217160051367,-24.7357132346648,-24.3328669100842,-17.9505932281232,-14.650116319733,-16.3589988969764,-20.2957598557431,-13.7227530133144,-19.1545989363132,2.68199219822906,1.52838389719892,1.55555567096163,0.906735395569924,0.505569093294629,0.505568510213577,0.542423295383888,0.645128743653648,0.999999654320567,0.839312184375599,0.686365732674007,0.484882772849465,0.338111817657018,-2.15886273984044,-2.48126769774579,-2.59064427904627,-3.09234065466773,-4.05529669825015,-4.04351295076807,-3.36675578252455,-2.71586749308026,-2.18155583250604,-1.20490294884575,-1.93476064846964,-2.29767236832538,-3.01514993404489,-5.40410367292167,-4.88122740553695,-4.01526429343053,-3.36736803318056,-2.69290652218695,0.067261780660573,0.0156620591902575,0.0320140414576678,0.0215535463565982,0.027889124203565,0.00952060643998853,0.0152432257467403,0.00756812365792673,1000,1000.00000008027,1.00000034633551,1.000000444365,1.00000019240689,1000.0000000155,999.99999987032,0.999999398107688,1.00000015913456,0.380364613667376,-11409.7511516539,1,15/16
1250,4.23592243259241,2.80782601352432,2.30905888610851,2.72211408317083,2.74239194306494,2.321360954402,2.54209126629234,2.47110603638858,2.45897651818924,2.05924291854826,1.54398385090659,1.68439212428999,1.41787876174948,1.24736055945508,1.52531019815548,1.77014289216942,1.91360038953406,1.55502516011677,2.0475770384242,1.62662850838522,-26.7497772813836,-4.0170802341372,-7.10814797169694,-6.86305500810062,-5.36627475794754,-5.46424410469953,-9.05914842871566,-9.15021448712626,-6.67547734651426,-26.6014586208458,-18.1238700995671,-17.2462848310568,-24.7357132346648,-24.2853853779709,-17.9568196452117,-14.6491360029123,-16.4259699729036,-20.1062471045337,-13.7450366356116,-19.1707508859974,2.68199219822906,1.52838389719892,1.55555567096163,0.906735395569924,0.505569093294629,0.505568510213577,0.542423295383888,0.645128743653648,0.999999654320567,0.839312184375599,0.686365732674007,0.484882772849465,0.338111817657018,-2.15086504306231,-2.48401271742353,-2.59582779673727,-3.08636528920478,-4.0608663814534,-4.03516496407391,-3.35921064356208,-2.72258142338707,-2.17173714038376,-1.21517536244353,-1.92930259279523,-2.29289437031109,-3.00075129891062,-5.40737832870801,-4.89316126943934,-4.01275106096978,-3.35439203245035,-2.68250497658388,0.065368404822751,0.0161735592791254,0.0328373580593786,0.0220799750240956,0.0262333189160199,0.00912504319257227,0.0153582768846377,0.00824618932671117,1000,1000.00000008027,1.00000034633551,1.000000444365,1.00000019240689,1000.0000000155,999.99999987032,0.999999398107688,1.00000015913456,0.560014827580086,-11406.848631571,0,14/15
1300,4.23592243259241,2.85585591963484,2.32702935999721,2.71048261903912,2.75490791671562,2.30499622486542,2.55599066920251,2.47495764725863,2.43042174546242,2.08948939009019,1.54398385090659,1.69941886088193,1.45198350797394,1.26168605329306,1.53302774012899,1.76767122138454,1.88302704688772,1.54788224474003,2.05842857639669,1.63674528103498,-26.7497772813836,-3.92939185939149,-7.13498381973561,-6.87390342592127,-5.42026918559671,-5.5610575323788,-9.1519046198588,-9.2019226595954,-6.65125455684482,-26.6103603648197,-18.1238700995671,-17.1427523611663,-24.7772861756464,-24.2208714088915,-17.8209915188536,-14.6500380188367,-16.4998088704885,-20.1034969208119,-13.7187133852815,-19.1870234940223,2.68199219822906,1.52838389719892,1.55555567096163,0.906735395569924,0.505569093294629,0.505568510213577,0.542423295383888,0.645128743653648,0.999999654320567,0.839312184375599,0.686365732674007,0.484882772849465,0.338111817657018,-2.15395234394872,-2.48874132838694,-2.59202030508963,-3.0828345782345,-4.06746114336002,-4.03349346363294,-3.37066955449488,-2.72461799759102,-2.17334327627613,-1.20450570236508,-1.92549689640315,-2.30062938595498,-2.98722062708662,-5.40485430939037,-4.896000978893,-4.01161335950976,-3.35685562669739,-2.68436033663593,0.0635101480260721,0.0182250713348692,0.0341499906578183,0.0208620284120893,0.0267740864295946,0.00886312544636244,0.0136271974642279,0.00905839090224663,1000,1000.00000008027,1.00000034633551,1.000000444365,1.00000019240689,1000.0000000155,999.99999987032,0.999999398107688,1.00000015913456,0.239696861917056,-11407.0009900663,1,14/15
1350,4.23592243259241,2.84469548881832,2.31329493848211,2.71783593456187,2.77749563545263,2.29438521785604,2.55285313769042,2.46735603405569,2.4424091401708,2.08256985067053,1.54398385090659,1.71540593218858,1.44596927830422,1.25220202625126,1.55150463928277,1.76312755401287,1.88038563411798,1.54176131929527,2.02534605361229,1.63055457480113,-26.7497772813836,-3.89182044461813,-7.13822078818807,-6.90545684966548,-5.35818991878157,-5.5489764619656,-9.13570930471852,-9.1344218345163,-6.53582439822303,-26.617057161866,-18.1238700995671,-17.0414253288677,-24.8050897014479,-24.2212593461625,-17.8056526785686,-14.6466440163446,-16.4825277674336,-20.0337210076645,-13.7403707408846,-19.1976569392106,2.68199219822906,1.52838389719892,1.55555567096163,0.906735395569924,0.505569093294629,0.505568510213577,0.542423295383888,0.645128743653648,0.999999654320567,0.839312184375599,0.686365732674007,0.484882772849465,0.338111817657018,-2.16106598463439,-2.49173021845252,-2.58965599514201,-3.07431314342833,-4.061452609211,-4.02759950064629,-3.36894198920526,-2.72913181065679,-2.1740006835224,-1.19597729306392,-1.92787207313044,-2.29066988470532,-2.9921583051887,-5.41330709426695,-4.89446031626383,-4.01272375675977,-3.37313290926642,-2.68705324744593,0.0621280182602425,0.015506677387579,0.0339964290635644,0.0208877541807382,0.0277510507605647,0.00964414371698049,0.013443896193961,0.0107253206291638,1000,1000.00000008027,1.00000034633551,1.000000444365,1.00000019240689,1000.0000000155,999.99999987032,0.999999398107688,1.00000015913456,0.423233822782074,-11402.5283373326,0,14/15
1400,4.23592243259241,2.82811766712955,2.31721915103974,2.69998438224876,2.76093824731737,2.31109997932786,2.54352423504585,2.47657429777955,2.46312027246678,2.05674540803327,1.54398385090659,1.68894355201677,1.41721879518414,1.24395215477619,1.53649860475274,1.77309729317699,1.87363194026863,1.54706675737976,2.04467387889493,1.60655089043095,-26.7497772813836,-3.87231739304209,-7.06222387578321,-6.90187724731285,-5.44448425893532,-5.42727936054979,-9.09926886137485,-9.06070912227527,-6.51664544297698,-26.5650474963975,-18.1238700995671,-17.0336993421092,-24.7624135624666,-24.1563313787511,-17.8608639825822,-14.7806684904692,-16.5005935913241,-19.9493543118456,-13.7488543810446,-19.3013306712182,2.68199219822906,1.52838389719892,1.55555567096163,0.906735395569924,0.505569093294629,0.505568510213577,0.542423295383888,0.645128743653648,0.999999654320567,0.839312184375599,0.686365732674007,0.484882772849465,0.338111817657018,-2.16400740896002,-2.49529640005284,-2.58538500067282,-3.06452833382248,-4.05921536247656,-4.02856703589944,-3.37063671379207,-2.73243581668286,-2.1821941617712,-1.19536220863014,-1.9305675396993,-2.29048984079343,-2.98440466032269,-5.41269820074434,-4.89104320374832,-4.0142954073726,-3.36422899152037,-2.68024539747202,0.0634898828762707,0.0164148710746081,0.0344018029647234,0.0212084797846085,0.0279837197426859,0.0081723563587776,0.0146937467678992,0.00917397993408925,1000,1000.00000008027,1.00000034633551,1.000000444365,1.00000019240689,1000.0000000155,999.99999987032,0.999999398107688,1.00000015913456,0.295224536095728,-11402.0774888667,0,14/15
1450,4.23592243259241,2.85566438676252,2.32983307462941,2.71730451255749,2.7817088122423,2.32154083514115,2.55927408779718,2.46826502259993,2.45003265695171,2.04657932869173,1.54398385090659,1.68092361768891,1.43164338887326,1.21995034453097,1.53854337913783,1.76692922630007,1.88485920449567,1.52152988598589,2.01782615427163,1.60185545013136,-26.7497772813836,-3.78740485180813,-6.97305570326167,-6.86119827217287,-5.35659280859212,-5.42990950575611,-9.05293542625586,-9.15751827300979,-6.56408497996015,-26.5615576004228,-18.1238700995671,-16.9959773487321,-24.7136803311648,-24.1876894547254,-17.7761968968507,-14.7619180891438,-16.5094724817564,-19.9439763952716,-13.845485978762,-19.3125774823696,2.68199219822906,1.52838389719892,1.55555567096163,0.906735395569924,0.505569093294629,0.505568510213577,0.542423295383888,0.645128743653648,0.999999654320567,0.839312184375599,0.686365732674007,0.484882772849465,0.338111817657018,-2.16734674526191,-2.50742618091154,-2.58986853856111,-3.07141692007261,-4.06974918822481,-4.02912583548839,-3.37159720159103,-2.73576475733457,-2.20298623163781,-1.18047247906201,-1.92190825557089,-2.29673786079336,-2.9834035390836,-5.40327422986691,-4.90860736097308,-4.02397594057228,-3.36451157989726,-2.67908128055986,0.0632843416168666,0.0162074191186011,0.0375190962046704,0.0257912249445538,0.0262618690863635,0.00886983675671339,0.0173854899322261,0.00846355812305171,1000,1000.00000008027,1.00000034633551,1.000000444365,1.00000019240689,1000.0000000155,999.99999987032,0.999999398107688,1.00000015913456,0.563011406297909,-11405.4165472361,0,14/15
1500,4.23592243259241,2.85107003836967,2.33459966724526,2.74739421353107,2.81215011487857,2.27921236943818,2.55537795445092,2.47986437820539,2.43714619575062,2.04657932869173,1.54398385090659,1.69030564523501,1.44381150146221,1.22769279740345,1.54112836057096,1.75273964532563,1.90544856981663,1.54398359073722,2.02426417879479,1.60185545013136,-26.7497772813836,-3.79502845421633,-6.90394668228962,-6.75840295368492,-5.179970257139,-5.45437430143174,-8.99898553015186,-9.17417730599806,-6.71727215660015,-26.5615576004228,-18.1238700995671,-17.0237171909894,-24.7411685929613,-24.1837162516956,-17.784202202743,-14.799698484814,-16.4669302223284,-20.0672343998358,-13.7540239577601,-19.3125774823696,2.68199219822906,1.52838389719892,1.55555567096163,0.906735395569924,0.505569093294629,0.505568510213577,0.542423295383888,0.645128743653648,0.999999654320567,0.839312184375599,0.686365732674007,0.484882772849465,0.338111817657018,-2.1694373842321,-2.49329101502097,-2.59025684406922,-3.06750802189744,-4.0588569750737,-4.03923218905717,-3.37224237943542,-2.73632053643107,-2.1878607094534,-1.18144574635837,-1.91161829120682,-2.28865024992335,-2.98485022586645,-5.40035626333989,-4.89080504281579,-4.0173665604356,-3.37672484002421,-2.67591181029036,0.0651973939835414,0.0158121554732101,0.034863898831471,0.0268531933237869,0.0236270326392,0.00761943535017157,0.0166644039277203,0.00895205646230881,1000,1000.00000008027,1.00000034633551,1.000000444365,1.00000019240689,1000.0000000155,999.99999987032,0.999999398107688,1.00000015913456,0.583753409879957,-11406.7019333659,0,13/14
1550,4.23592243259241,2.85107003836967,2.31126889237728,2.72290044731742,2.78884900263912,2.3234019605644,2.56858803995724,2.47157608577159,2.44720430877677,2.04657932869173,1.54398385090659,1.69030564523501,1.45179945384884,1.21899589097038,1.52671505080622,1.76265215833452,1.88766266599336,1.53899140093923,2.03105696208842,1.60185545013136,-26.7497772813836,-3.79502845421633,-7.01418022068617,-6.82233769065414,-5.20063932173159,-5.4385094634665,-9.01041994176508,-9.0784527821124,-6.64052268386039,-26.5615576004228,-18.1238700995671,-17.0237171909894,-24.7301820586824,-24.1928227998046,-17.7822203434463,-14.6756637983643,-16.520957001067,-20.1314218168901,-13.744879128058,-19.3125774823696,2.68199219822906,1.52838389719892,1.55555567096163,0.906735395569924,0.505569093294629,0.505568510213577,0.542423295383888,0.645128743653648,0.999999654320567,0.839312184375599,0.686365732674007,0.484882772849465,0.338111817657018,-2.1694373842321,-2.49329101502097,-2.59025684406922,-3.06750802189744,-4.0588569750737,-4.03923218905717,-3.37224237943542,-2.73632053643107,-2.1878607094534,-1.18144574635837,-1.91161829120682,-2.28865024992335,-2.98485022586645,-5.40035626333989,-4.89080504281579,-4.0173665604356,-3.37672484002421,-2.67591181029036,0.0651973939835414,0.0158121554732101,0.034863898831471,0.0268531933237869,0.0236270326392,0.00761943535017157,0.0166644039277203,0.00895205646230881,1000,1000.00000008027,1.00000034633551,1.000000444365,1.00000019240689,1000.0000000155,999.99999987032,0.999999398107688,1.00000015913456,0.586731132409608,-11405.4529893322,1,13/14
1600,4.23592243259241,2.82901548316834,2.32837326495808,2.68429849803775,2.79717658683882,2.2836272205359,2.55738107363192,2.48324498684299,2.46437268650138,2.00537262517057,1.54398385090659,1.69248793037487,1.46018778163854,1.20676253701165,1.5203072445085,1.78200067480779,1.88051783121741,1.52112041588469,2.03036982684548,1.59642797550043,-26.7497772813836,-3.72378700887622,-6.96938481419053,-6.84252925676194,-5.26276301744644,-5.5834732032459,-8.89086964710643,-8.94385638593956,-6.85223974605811,-26.5052639740893,-18.1238700995671,-17.0959335186806,-24.7277399716294,-24.1340917056389,-17.900695627597,-14.7660274602473,-16.5484872901787,-20.1953571086089,-13.8342528864579,-19.4045166009462,2.68199219822906,1.52838389719892,1.55555567096163,0.906735395569924,0.505569093294629,0.505568510213577,0.542423295383888,0.645128743653648,0.999999654320567,0.839312184375599,0.686365732674007,0.484882772849465,0.338111817657018,-2.18075243909743,-2.49193630676182,-2.59258524378769,-3.07073855951491,-4.06660105091031,-4.04370586122046,-3.38347423244427,-2.74511078684683,-2.18478759512911,-1.17101359762522,-1.9015690679628099,-2.28519782573489,-2.98111441890969,-5.40393909133326,-4.90359773612432,-4.02595369203975,-3.3771457654285,-2.66537700836698,0.0651489075703074,0.0159636898401787,0.0333028639161071,0.0255751337000231,0.0232920320929029,0.00696804934038518,0.0167645415849139,0.0103369364431088,1000,1000.00000008027,1.00000034633551,1.000000444365,1.00000019240689,1000.0000000155,999.99999987032,0.999999398107688,1.00000015913456,0.328647392730208,-11414.9538990397,0,13/14
1650,4.23592243259241,2.86980483092825,2.33289882705061,2.69748083082675,2.79406957833899,2.28905522038788,2.55916525903917,2.48301728160189,2.41781993647962,2.00537262517057,1.54398385090659,1.69589234545431,1.45034075103329,1.19142211899902,1.54177806947973,1.7129071735896,1.87774961521147,1.53919076805687,2.02948129238137,1.59642797550043,-26.7497772813836,-3.69111355276947,-7.01143572379466,-6.93599723518336,-5.27932118123618,-5.58962297260654,-8.83533603537781,-8.8830352193629,-6.79631431451489,-26.5052639740893,-18.1238700995671,-17.073150474518,-24.7090337910236,-24.2080380007102,-17.8264930014648,-14.9292770012745,-16.564067373323,-20.1835765677919,-13.8779167644135,-19.4045166009462,2.68199219822906,1.52838389719892,1.55555567096163,0.906735395569924,0.505569093294629,0.505568510213577,0.542423295383888,0.645128743653648,0.999999654320567,0.839312184375599,0.686365732674007,0.484882772849465,0.338111817657018,-2.18127491623103,-2.49733841960035,-2.60257124790308,-3.06183582969488,-4.07159082850004,-4.03666309062947,-3.37172344502652,-2.73208089120126,-2.18154083971328,-1.16027361888909,-1.88519823027649,-2.30309229846234,-2.97328442962686,-5.40569318136438,-4.89302340848864,-4.03618893238244,-3.38514186332198,-2.67071251122028,0.0655092890875848,0.0140916500201659,0.0346682387000003,0.0276004860345474,0.0247360761648754,0.0104533271870356,0.0175784709285783,0.00907251127129851,1000,1000.00000008027,1.00000034633551,1.000000444365,1.00000019240689,1000.0000000155,999.99999987032,0.999999398107688,1.00000015913456,0.703412951582978,-11412.8544721502,0,13/14
1700,4.23592243259241,2.8888564688369,2.333293973921,2.69257107440891,2.78704360873771,2.30467675855979,2.56593548603577,2.49860064477422,2.41066612789745,2.02779644923539,1.54398385090659,1.66456120844591,1.45474220041839,1.20984719479628,1.53705752014946,1.77802281659022,1.86595652369715,1.53345685919679,1.99821903423179,1.58723523867803,-26.7497772813836,-3.60323191699668,-7.04039922635555,-7.02898729077878,-5.27165540959723,-5.62670798291718,-8.74961086127059,-9.00136332343496,-6.87180599877638,-26.5383757302075,-18.1238700995671,-17.2507525778153,-24.7654788980239,-24.10487298105,-17.9383224816808,-14.9532362271247,-16.567827051983,-19.9149574668763,-13.9102712597915,-19.4623473462358,2.68199219822906,1.52838389719892,1.55555567096163,0.906735395569924,0.505569093294629,0.505568510213577,0.542423295383888,0.645128743653648,0.999999654320567,0.839312184375599,0.686365732674007,0.484882772849465,0.338111817657018,-2.1715669814601,-2.48488159678128,-2.59933293801506,-3.06363979369405,-4.07107113991263,-4.04827864964678,-3.3651673821275,-2.7351083450745,-2.19671874114741,-1.17186229818356,-1.88387957652637,-2.29489426108568,-2.97836697264827,-5.39753102288403,-4.90238916536187,-4.03776669665553,-3.38866818135034,-2.6779441933602,0.0648836331108325,0.013467770686131,0.0336642686388652,0.0260462555525059,0.0253302272669369,0.00828786696484733,0.0164970590974593,0.0100497590024805,1000,1000.00000008027,1.00000034633551,1.000000444365,1.00000019240689,1000.0000000155,999.99999987032,0.999999398107688,1.00000015913456,0.385796822617906,-11407.5013281672,0,13/14
1750,4.23592243259241,2.8550554859408,2.32043258454782,2.71965136961032,2.71278517611018,2.31420929351803,2.56593548603577,2.48398737220111,2.42842706782686,2.05010680455553,1.54398385090659,1.68300571839211,1.45456885787291,1.21493476293883,1.52603413096549,1.78073670396492,1.86595652369715,1.52402099371169,2.0271548003628,1.58907801356078,-26.7497772813836,-3.62775229101553,-7.03582852152547,-7.12609430889728,-5.36633831425557,-5.57298449341574,-8.74961086127059,-8.98956099245934,-6.83492892226917,-26.5760720952786,-18.1238700995671,-17.2070043424516,-24.6401547438296,-24.0787939682386,-17.8434412202095,-14.9434852440596,-16.567827051983,-19.996253558083,-13.9114929786483,-19.4760333315559,2.68199219822906,1.52838389719892,1.55555567096163,0.906735395569924,0.505569093294629,0.505568510213577,0.542423295383888,0.645128743653648,0.999999654320567,0.839312184375599,0.686365732674007,0.484882772849465,0.338111817657018,-2.16698865848377,-2.47222930221966,-2.58829418962684,-3.07501903277956,-4.07546687526277,-4.06673516357671,-3.37473604860054,-2.72804635443841,-2.18652122787463,-1.17418951973593,-1.88658810460018,-2.28518560173558,-3.00008338707433,-5.38671485709991,-4.89828387837162,-4.04881610329699,-3.4016758947282,-2.68449605222513,0.0646957411904463,0.0120240765976177,0.0337341742314527,0.022516549716466,0.0253203679630037,0.0103171863905248,0.0185121443549003,0.00928819549765885,1000,1000.00000008027,1.00000034633551,1.000000444365,1.00000019240689,1000.0000000155,999.99999987032,0.999999398107688,1.00000015913456,0.505765053054579,-11408.7145799866,1,12/13
1800,4.23592243259241,2.86794605712051,2.35008375947579,2.67817880014662,2.75165706575865,2.29403494009261,2.56012008901665,2.47647989678311,2.43296758467523,2.04211944465535,1.54398385090659,1.67861076324475,1.43760764065675,1.20636909992933,1.53504772090558,1.7972965789434,1.88044443686707,1.52432276199861,2.0350491775834,1.60324659156486,-26.7497772813836,-3.69570355374965,-6.96271788494291,-7.18169802977629,-5.43405359466368,-5.51221128694932,-8.89071798656837,-9.00887508432587,-6.85252537917057,-26.5841253973695,-18.1238700995671,-17.2240122886114,-24.6539883047564,-24.0928396330064,-17.871249124746,-14.8033722621913,-16.6491472389776,-20.024389815594,-13.8701478717458,-19.5244486810447,2.68199219822906,1.52838389719892,1.55555567096163,0.906735395569924,0.505569093294629,0.505568510213577,0.542423295383888,0.645128743653648,0.999999654320567,0.839312184375599,0.686365732674007,0.484882772849465,0.338111817657018,-2.16546276036082,-2.46917731587061,-2.57925065821998,-3.06684300725032,-4.07156689649146,-4.06740181391115,-3.37621270065009,-2.73276906348761,-2.189402620679,-1.17216908644579,-1.88500781422847,-2.29310048083553,-2.99944227325968,-5.38250280883339,-4.89473329952007,-4.0513699335931,-3.40699342256118,-2.69250119467448,0.0661014264368054,0.0114188153623407,0.0328107678124393,0.0226459868142531,0.0256383026543596,0.0102957464942888,0.0191287965341945,0.00824683044524712,1000,1000.00000008027,1.00000034633551,1.000000444365,1.00000019240689,1000.0000000155,999.99999987032,0.999999398107688,1.00000015913456,0.653866653763411,-11405.1856433486,1,12/13
1850,4.23592243259241,2.86794605712051,2.31954891044792,2.66745717425269,2.74314779602119,2.28085786832873,2.57258058622597,2.46395987285006,2.43836880772098,2.04211944465535,1.54398385090659,1.67861076324475,1.45473010641687,1.21464200943352,1.52727710274657,1.78764088816817,1.83531862518056,1.54430059519806,2.03121140202086,1.60324659156486,-26.7497772813836,-3.69570355374965,-6.84170982727686,-7.17944494783773,-5.38974846930769,-5.5040585338806,-8.88933311887832,-9.22354489242307,-6.74845451873001,-26.5841253973695,-18.1238700995671,-17.2240122886114,-24.4745482384,-24.1014482570999,-17.8775290108045,-14.806041770755,-16.7015779012206,-19.9280098173273,-13.7363085725687,-19.5244486810447,2.68199219822906,1.52838389719892,1.55555567096163,0.906735395569924,0.505569093294629,0.505568510213577,0.542423295383888,0.645128743653648,0.999999654320567,0.839312184375599,0.686365732674007,0.484882772849465,0.338111817657018,-2.16123537407082,-2.46193250118927,-2.57937632198447,-3.06794824457446,-4.07392468549151,-4.07028316671501,-3.38159097379426,-2.73141918650026,-2.18943916231133,-1.18447470698273,-1.88453424376353,-2.28659724565266,-2.99190628476867,-5.38185103187083,-4.89739557614689,-4.04131612622953,-3.41557149260588,-2.68841504341349,0.0661377387606113,0.0119958759291272,0.0328706429911579,0.0219911573934477,0.0264462490822439,0.0117148309563251,0.0198411021063919,0.0088000081139970009,1000,1000.00000008027,1.00000034633551,1.000000444365,1.00000019240689,1000.0000000155,999.99999987032,0.999999398107688,1.00000015913456,0.802408954804425,-11403.2353911567,1,12/13
1900,4.23592243259241,2.86794605712051,2.34748532526906,2.68695994078356,2.75268063318769,2.30650776314008,2.51912206014172,2.45608990185814,2.43356111732,2.02778910557725,1.54398385090659,1.67861076324475,1.49239795265229,1.2441181552471,1.52202774657978,1.74870080305942,1.87093415831165,1.54906453630325,2.04367463754178,1.60732310857014,-26.7497772813836,-3.69570355374965,-6.80694009777466,-7.19483853946015,-5.3794083714196,-5.4973754024667,-8.8662501185109,-9.30047450929478,-6.81587707553994,-26.5786444667272,-18.1238700995671,-17.2240122886114,-24.5063363923503,-24.1607006565422,-17.9145275674035,-14.7574847942794,-16.7007106346185,-19.9506805688588,-13.7963521661341,-19.5207679104474,2.68199219822906,1.52838389719892,1.55555567096163,0.906735395569924,0.505569093294629,0.505568510213577,0.542423295383888,0.645128743653648,0.999999654320567,0.839312184375599,0.686365732674007,0.484882772849465,0.338111817657018,-2.16123537407082,-2.46193250118927,-2.57937632198447,-3.06794824457446,-4.07392468549151,-4.07028316671501,-3.38159097379426,-2.73141918650026,-2.18943916231133,-1.18447470698273,-1.88453424376353,-2.28659724565266,-2.99190628476867,-5.38185103187083,-4.89739557614689,-4.04131612622953,-3.41557149260588,-2.68841504341349,0.0661377387606113,0.0119958759291272,0.0328706429911579,0.0219911573934477,0.0264462490822439,0.0117148309563251,0.0198411021063919,0.0088000081139970009,1000,1000.00000008027,1.00000034633551,1.000000444365,1.00000019240689,1000.0000000155,999.99999987032,0.999999398107688,1.00000015913456,0.57138895481376,-11405.7683362768,1,12/13
1950,4.23592243259241,2.86794605712051,2.33398651863648,2.67672419072274,2.74739845056403,2.29258116016883,2.4994253681756,2.45203192882783,2.43560736566843,2.00783655072561,1.54398385090659,1.67861076324475,1.48472012105227,1.20913512670003,1.52482811657144,1.74446765909862,1.88665255392037,1.52442984783687,2.00762154851008,1.61426346737483,-26.7497772813836,-3.69570355374965,-6.77495355568139,-7.13864883160049,-5.45278954388506,-5.52795079507071,-8.92968069925392,-9.28070481403613,-6.81526613667149,-26.5094190199094,-18.1238700995671,-17.2240122886114,-24.4709104339987,-24.2082895398033,-18.0669084600633,-14.7383326957956,-16.6474065081889,-19.9294887998454,-13.8600906883486,-19.56856550627,2.68199219822906,1.52838389719892,1.55555567096163,0.906735395569924,0.505569093294629,0.505568510213577,0.542423295383888,0.645128743653648,0.999999654320567,0.839312184375599,0.686365732674007,0.484882772849465,0.338111817657018,-2.17922669474791,-2.46257825945275,-2.56413449812096,-3.04766123852346,-4.08683727312441,-4.07169417623997,-3.38321243804029,-2.72811870683151,-2.18156301391141,-1.18619299147768,-1.84616869448701,-2.28246843541713,-2.99107093244267,-5.39959582254032,-4.90003298036587,-4.03662162346189,-3.4068667521125,-2.68152535162465,0.070067603744187,0.0135613807131433,0.0349994913801459,0.0194316194244645,0.0278385049955182,0.00963989107922148,0.0169036468895119,0.00890657408176589,1000,1000.00000008027,1.00000034633551,1.000000444365,1.00000019240689,1000.0000000155,999.99999987032,0.999999398107688,1.00000015913456,1.55035170604988,-11410.0234989081,0,12/13
2000,4.23592243259241,2.86329430933338,2.3148068608821,2.6887156723874,2.72958789442934,2.30402472042443,2.53715804968226,2.46032497682427,2.44065424994882,1.98868763518368,1.54398385090659,1.66892537253996,1.45706388205174,1.22197684450112,1.54255396397302,1.73582131211327,1.83831141375785,1.52351035805128,2.01329406578306,1.61670827244559,-26.7497772813836,-3.63123717759302,-6.75199870097197,-7.1255668492417,-5.43745453650645,-5.47339534235948,-8.88483392151293,-9.28022575997703,-6.81960049423817,-26.46914672028,-18.1238700995671,-17.3598849963886,-24.5804415115729,-24.3267781204017,-18.1345357579837,-14.730183407322,-16.6392737202363,-19.8630366559521,-13.9906271885425,-19.5567533256028,2.68199219822906,1.52838389719892,1.55555567096163,0.906735395569924,0.505569093294629,0.505568510213577,0.542423295383888,0.645128743653648,0.999999654320567,0.839312184375599,0.686365732674007,0.484882772849465,0.338111817657018,-2.17514394096146,-2.45323124060076,-2.5599603517196,-3.05040696477344,-4.09308515855488,-4.07058584505048,-3.38521248793121,-2.72592234072003,-2.18306242160179,-1.18840230360623,-1.84679573658674,-2.27790502719412,-2.98704634385748,-5.40220781930955,-4.89961862172788,-4.03659547961866,-3.39031105646313,-2.66867304686715,0.0696899947465886,0.0115538462571672,0.0344962444666049,0.0207228881464511,0.0292021223780834,0.0104353189101762,0.0190183612922878,0.00988907819871014,1000,1000.00000008027,1.00000034633551,1.000000444365,1.00000019240689,1000.0000000155,999.99999987032,0.999999398107688,1.00000015913456,0.964479330876906,-11405.3699831059,0,11/12
2050,4.23592243259241,2.86056274119384,2.33522830575912,2.69037103905514,2.77009231304113,2.32440669471887,2.54336896972466,2.47246763561041,2.44065424994882,1.96970079487692,1.54398385090659,1.68606546095927,1.43738443109897,1.21378597166455,1.52320887905744,1.71888206608247,1.88258801939272,1.55417806281435,2.01329406578306,1.63663010325856,-26.7497772813836,-3.72861047203632,-6.69690884914131,-7.07525375256465,-5.36043891704268,-5.47622583396982,-8.92398030593187,-9.31935772805145,-6.81960049423817,-26.4782775503636,-18.1238700995671,-17.35162264691,-24.6203100722862,-24.3586891753297,-18.1358641066694,-14.7549728867258,-16.6084984398223,-19.8394186271499,-13.9906271885425,-19.6093470482857,2.68199219822906,1.52838389719892,1.55555567096163,0.906735395569924,0.505569093294629,0.505568510213577,0.542423295383888,0.645128743653648,0.999999654320567,0.839312184375599,0.686365732674007,0.484882772849465,0.338111817657018,-2.16989561821463,-2.44905067888204,-2.56612605853577,-3.04906968328634,-4.0988728471236,-4.07251193588282,-3.38189059463818,-2.72441259175992,-2.17930382398385,-1.18360449749234,-1.84619471203165,-2.28444161203448,-2.97355925141877,-5.40668141386353,-4.9047477443443,-4.03245129939609,-3.38184011807893,-2.66990150614713,0.0703334883672982,0.0130551523771607,0.0340837365079324,0.0210376741590026,0.0283472419299852,0.0103590978851231,0.0190074506166823,0.0102997727099536,1000,1000.00000008027,1.00000034633551,1.000000444365,1.00000019240689,1000.0000000155,999.99999987032,0.999999398107688,1.00000015913456,1.13053901449474,-11407.8693764306,0,11/12
2100,4.23592243259241,2.86056274119384,2.34495035151938,2.70257605815007,2.77790931140296,2.33878194199117,2.56693614687963,2.46246949361553,2.42757182293216,1.97553914724955,1.54398385090659,1.68606546095927,1.47852142181686,1.21532498784008,1.51215256035522,1.76233424415874,1.83562900559522,1.53366583765689,1.99544960931297,1.63085511775525,-26.7497772813836,-3.72861047203632,-6.66602219970621,-7.04735521040431,-5.40447011030697,-5.49644299353859,-8.86610765393814,-9.28737993090357,-6.92699329518569,-26.493020456742,-18.1238700995671,-17.35162264691,-24.5763817982947,-24.6942609742647,-18.1833045508175,-14.7484540117969,-16.6113833122485,-19.7808429799395,-14.0443177497092,-19.600630676892,2.68199219822906,1.52838389719892,1.55555567096163,0.906735395569924,0.505569093294629,0.505568510213577,0.542423295383888,0.645128743653648,0.999999654320567,0.839312184375599,0.686365732674007,0.484882772849465,0.338111817657018,-2.16779056759776,-2.44692076497337,-2.57587297156643,-3.05577931978288,-4.09046394742158,-4.06486694574142,-3.38017787895012,-2.73980246191959,-2.18206746852159,-1.18343739324809,-1.85688713112499,-2.2853267276047,-2.96792325046627,-5.40150604774618,-4.90180595349799,-4.03270998888018,-3.3822602062624,-2.6767213408908,0.0690554373990981,0.0136699665815079,0.0323785799720716,0.0195889380100243,0.029081068641351,0.0119813264707033,0.0163566848973823,0.0103581489677859,1000,1000.00000008027,1.00000034633551,1.000000444365,1.00000019240689,1000.0000000155,999.99999987032,0.999999398107688,1.00000015913456,0.84570425072309,-11404.3480090364,0,11/12
2150,4.23592243259241,2.87499043704466,2.35593160383176,2.72362417365808,2.77761067518174,2.29768405180453,2.57933982897935,2.45661718992278,2.43888207666041,1.97918377011288,1.54398385090659,1.66421087090993,1.4675432108885,1.23604687843532,1.51972852812486,1.78990536453054,1.84198344255251,1.55726752575451,2.02730382731351,1.62946543740105,-26.7497772813836,-3.70749690673059,-6.50707465792134,-7.10452502206566,-5.4456303313753,-5.61066869475821,-8.80776021932997,-9.16043987420838,-6.79236814021924,-26.5070937818495,-18.1238700995671,-17.4361920448493,-24.4292779821521,-24.6770844594713,-18.1315252749902,-14.79098571138,-16.5885705012645,-19.7242469060714,-14.0179606120652,-19.5615389290283,2.68199219822906,1.52838389719892,1.55555567096163,0.906735395569924,0.505569093294629,0.505568510213577,0.542423295383888,0.645128743653648,0.999999654320567,0.839312184375599,0.686365732674007,0.484882772849465,0.338111817657018,-2.16987026386599,-2.43837816831438,-2.57629631008899,-3.05817599557235,-4.09175395423654,-4.07448741755458,-3.37903751474234,-2.73706088266771,-2.18198867184079,-1.19884278994507,-1.85859220562932,-2.28698158541846,-2.95834745581514,-5.3968484824077,-4.89805028380851,-4.0351025364036,-3.39021642502938,-2.67347738295755,0.0683317051912222,0.0117779991098268,0.0312814720465704,0.0172189858173092,0.0310288380886772,0.0121916285673865,0.0158829321425534,0.0101533293918153,1000,1000.00000008027,1.00000034633551,1.000000444365,1.00000019240689,1000.0000000155,999.99999987032,0.999999398107688,1.00000015913456,0.630858693894853,-11399.4583458027,0,11/12
2200,4.23592243259241,2.84191967423358,2.34585153750581,2.68152283309969,2.79215204599848,2.29148526753521,2.55215374381504,2.46383395327264,2.4457186735603,1.95402151518136,1.54398385090659,1.66436068244596,1.47426318421804,1.213463670085,1.51052674494398,1.76009875700142,1.88129278280389,1.55407758514006,2.01778219397762,1.6387105311267,-26.7497772813836,-3.83268631960818,-6.4094771360348,-7.04362851022927,-5.3066897363132,-5.63712890588183,-8.77805472647987,-8.97014835082936,-6.8343990323787,-26.3771608839776,-18.1238700995671,-17.4154549440773,-24.394125984524,-24.4656758721103,-18.1649224386409,-14.7359890013091,-16.5316872288715,-19.7336162663414,-13.9717326118205,-19.5506481509552,2.68199219822906,1.52838389719892,1.55555567096163,0.906735395569924,0.505569093294629,0.505568510213577,0.542423295383888,0.645128743653648,0.999999654320567,0.839312184375599,0.686365732674007,0.484882772849465,0.338111817657018,-2.17372227145639,-2.43502882391898,-2.57747975733751,-3.05352145771193,-4.09700799058214,-4.08071502909091,-3.37703790249011,-2.73853373669625,-2.18835163195964,-1.20256702461198,-1.84881221624781,-2.27087093549469,-2.97193776194893,-5.39006778661422,-4.8933136400384,-4.0495692241801,-3.40320236706338,-2.68357461935114,0.0675203674313883,0.0134564809036178,0.0319530684801128,0.0163239182361795,0.0344548331382932,0.00998569434633417,0.0178154476476116,0.00997209059594436,1000,1000.00000008027,1.00000034633551,1.000000444365,1.00000019240689,1000.0000000155,999.99999987032,0.999999398107688,1.00000015913456,0.618633726654471,-11401.9798910427,1,11/12
2250,4.23592243259241,2.84105655939632,2.3702749871492,2.73514371532679,2.80231544001588,2.29148526753521,2.60600121106977,2.51128171380747,2.43854714902965,1.95155430717366,1.54398385090659,1.67244444395145,1.48223134866456,1.27599587808518,1.5201734766651,1.76009875700142,1.87527485470308,1.55996476760575,2.04157576331686,1.61139465565781,-26.7497772813836,-3.89799633670789,-6.45062422636111,-6.97048907752446,-5.27703895010238,-5.63712890588183,-8.75057325009282,-8.9542272926477,-6.74922954805522,-26.4118176232774,-18.1238700995671,-17.323057781897,-24.4472400613098,-24.5540094130784,-18.1120620377969,-14.7359890013091,-16.4503293840559,-19.7099603234929,-13.9549351353424,-19.6540363210893,2.68199219822906,1.52838389719892,1.55555567096163,0.906735395569924,0.505569093294629,0.505568510213577,0.542423295383888,0.645128743653648,0.999999654320567,0.839312184375599,0.686365732674007,0.484882772849465,0.338111817657018,-2.18051993222048,-2.41988610039457,-2.55599242648281,-3.05823253152021,-4.10455377151852,-4.07895959848264,-3.37534474793475,-2.73610853370862,-2.17745219766905,-1.20096097675927,-1.86363984011342,-2.27041154862862,-2.98266486347147,-5.39902238020616,-4.89994199799436,-4.05235264314406,-3.38459125711846,-2.684712484923,0.0700400121612344,0.0119182310142021,0.030973913295668,0.0152528572100229,0.0339404125927923,0.00861954920901266,0.0156548464824638,0.0088587403156272,1000,1000.00000008027,1.00000034633551,1.000000444365,1.00000019240689,1000.0000000155,999.99999987032,0.999999398107688,1.00000015913456,0.185615891467506,-11405.8209938866,0,10/11
2300,4.23592243259241,2.82278564398517,2.39756706510019,2.71297421725304,2.78643191537685,2.29337536804584,2.56670490160686,2.4859269559017,2.43967298024764,1.95155430717366,1.54398385090659,1.68175957023981,1.44704607142831,1.23840810567812,1.51784712829782,1.7683720870525,1.90723345164306,1.56873854015447,2.02534524259316,1.61139465565781,-26.7497772813836,-4.03350984253651,-6.42157103859831,-7.02742450651,-5.27953906363458,-5.64168780487982,-8.8461973625002,-8.80490730417604,-6.73921028530487,-26.4118176232774,-18.1238700995671,-17.2366437025149,-24.4841358111743,-24.5817182379062,-18.1377893703666,-14.7229949381447,-16.285513952701,-19.758172749916,-14.024186420963,-19.6540363210893,2.68199219822906,1.52838389719892,1.55555567096163,0.906735395569924,0.505569093294629,0.505568510213577,0.542423295383888,0.645128743653648,0.999999654320567,0.839312184375599,0.686365732674007,0.484882772849465,0.338111817657018,-2.19011277428882,-2.42367492388122,-2.55163521618764,-3.06009826521922,-4.10828410190782,-4.07661477792073,-3.3819160316866,-2.74037536252426,-2.17424493613689,-1.19943708252397,-1.86243284476771,-2.26465852961911,-2.98169570874109,-5.40310906318589,-4.90174995791358,-4.04881789146651,-3.39046238249465,-2.69143840830865,0.0692140677525202,0.0111628396691419,0.0315955256733989,0.0147484260403473,0.0321113188927986,0.00898225358736815,0.0168694350236259,0.00969080008557363,1000,1000.00000008027,1.00000034633551,1.000000444365,1.00000019240689,1000.0000000155,999.99999987032,0.999999398107688,1.00000015913456,0.34495192046616,-11400.9303507539,0,10/11
2350,4.23592243259241,2.80824889779854,2.37476647502924,2.71713043778958,2.77596143041821,2.31362205700175,2.55428836659877,2.4859269559017,2.45896960000238,1.95643935077931,1.54398385090659,1.68522485247831,1.47398470004389,1.26476997803911,1.53071103893423,1.74731916631084,1.90893861728457,1.56873854015447,2.05947649814394,1.59036500026935,-26.7497772813836,-4.05486170827994,-6.34618011334129,-6.96970694445371,-5.29520994053185,-5.65651311580078,-8.79130094142234,-8.80490730417604,-6.71268846808366,-26.4462431901319,-18.1238700995671,-17.2739303983389,-24.5335647277331,-24.6605442068584,-18.1843342800423,-14.8114836797595,-16.2939223488374,-19.758172749916,-13.9747460504228,-19.5905651557251,2.68199219822906,1.52838389719892,1.55555567096163,0.906735395569924,0.505569093294629,0.505568510213577,0.542423295383888,0.645128743653648,0.999999654320567,0.839312184375599,0.686365732674007,0.484882772849465,0.338111817657018,-2.1832856171856,-2.42020374107644,-2.55102585623381,-3.06662290809348,-4.09627870360898,-4.06851109093778,-3.39559037659468,-2.73123520689328,-2.17993520275584,-1.20508368261797,-1.86210874082905,-2.26205843437179,-2.97303686662319,-5.38723934814592,-4.90571141737056,-4.04274393310292,-3.40590881158098,-2.68707294304943,0.0682481669789367,0.0134383396251618,0.0288038668217558,0.0130936480767207,0.031391922083937,0.0100627088755674,0.0166686052970134,0.0114906882491638,1000,1000.00000008027,1.00000034633551,1.000000444365,1.00000019240689,1000.0000000155,999.99999987032,0.999999398107688,1.00000015913456,0.847136873040957,-11406.9183224015,0,10/11
2400,4.23592243259241,2.78356568647991,2.37041188192414,2.70658727223875,2.77596143041821,2.28852829326477,2.57100788622397,2.47848498116208,2.42445925520475,1.94655103355766,1.54398385090659,1.67717274141509,1.46343918187526,1.2883075474514,1.53071103893423,1.77334940127044,1.89109279089408,1.53609085736821,2.0367951725095,1.5749430316583,-26.7497772813836,-4.12582229571953,-6.47673103461939,-7.08074592024643,-5.29520994053185,-5.63149084039022,-8.70510351549772,-8.8447778376092,-6.86756233930252,-26.4397835737827,-18.1238700995671,-17.3153323707991,-24.5471050192936,-24.60462776503,-18.1843342800423,-14.8512017362188,-16.204407463581,-19.6597122444518,-14.0177554689735,-19.603293288916,2.68199219822906,1.52838389719892,1.55555567096163,0.906735395569924,0.505569093294629,0.505568510213577,0.542423295383888,0.645128743653648,0.999999654320567,0.839312184375599,0.686365732674007,0.484882772849465,0.338111817657018,-2.17368440875784,-2.42042852469528,-2.53324563309376,-3.09019275427345,-4.09552630034439,-4.0623935846979,-3.38423419659062,-2.74417204635649,-2.17730880604155,-1.2126843074003,-1.87040730826081,-2.25515899403037,-2.95847297318408,-5.40591686647595,-4.91517181766449,-4.04644291168665,-3.4234313321266,-2.69406976342979,0.065810859105944,0.0124837988726542,0.0268023007093875,0.0153729093957867,0.0308447335860316,0.0102066287273497,0.0184582836716744,0.00736859449134025,1000,1000.00000008027,1.00000034633551,1.000000444365,1.00000019240689,1000.0000000155,999.99999987032,0.999999398107688,1.00000015913456,0.843083023274068,-11407.9985938167,0,10/11
2450,4.23592243259241,2.81189467348005,2.33948368000459,2.7426206149158,2.77883220370813,2.27650656034005,2.56287154738947,2.46218845033925,2.43534298160332,1.93911274235073,1.54398385090659,1.67886163372457,1.45637425450597,1.22973651287615,1.51564707562235,1.80942701863766,1.90436071367342,1.55248210725008,2.0414555807827,1.57009752183624,-26.7497772813836,-4.04400374457053,-6.50139843820959,-7.15566762487761,-5.27033020502858,-5.61946212741357,-8.78893301772924,-8.98084909264249,-6.86077962998966,-26.3812451296947,-18.1238700995671,-17.3154675613266,-24.5724717481018,-24.7774080777236,-18.1399690249124,-14.9822373905387,-16.2093387486411,-19.7201816102593,-14.0066552232248,-19.648904383665,2.68199219822906,1.52838389719892,1.55555567096163,0.906735395569924,0.505569093294629,0.505568510213577,0.542423295383888,0.645128743653648,0.999999654320567,0.839312184375599,0.686365732674007,0.484882772849465,0.338111817657018,-2.1638085131818,-2.42451938376634,-2.53273639788525,-3.09001998091236,-4.09470104067773,-4.05972884927723,-3.39348151284898,-2.75510726359599,-2.16539219374597,-1.21060241875526,-1.86058575781738,-2.26560643878564,-2.94920476924094,-5.40795582376549,-4.91633149396083,-4.05491305571491,-3.43038985770106,-2.67849400329355,0.0687209305777267,0.0119187380657351,0.0320161011242272,0.0128243245953352,0.0322682647528402,0.0118698569241391,0.0180088976403247,0.00849567629567788,1000,1000.00000008027,1.00000034633551,1.000000444365,1.00000019240689,1000.0000000155,999.99999987032,0.999999398107688,1.00000015913456,0.908592241931081,-11412.7476275313,0,10/11
2500,4.23592243259241,2.81189467348005,2.3331170948492,2.73716502783724,2.76886350894158,2.29253416453881,2.57973835557075,2.49018472800971,2.41158356857376,1.93906400322468,1.54398385090659,1.67886163372457,1.46810883502111,1.2143568644493,1.50460508568586,1.77916521382731,1.91364035275448,1.56311499094812,1.99259810406125,1.6008494175918,-26.7497772813836,-4.04400374457053,-6.4806777567755,-7.09314541797113,-5.25467911047206,-5.62938623545036,-8.69302302563445,-8.96205198197663,-6.87804045971434,-26.4175935837774,-18.1238700995671,-17.3154675613266,-24.5963320539042,-24.7921759230476,-18.1371716828966,-14.9694911576007,-16.2849282948891,-19.6877968076248,-13.9958984252045,-19.6211228059925,2.68199219822906,1.52838389719892,1.55555567096163,0.906735395569924,0.505569093294629,0.505568510213577,0.542423295383888,0.645128743653648,0.999999654320567,0.839312184375599,0.686365732674007,0.484882772849465,0.338111817657018,-2.1715631008209,-2.4264124333823,-2.5348772386023,-3.07728863984292,-4.08917915187643,-4.0691140094197,-3.39704816811184,-2.75508228259639,-2.17194252939754,-1.21684158888006,-1.88188178621989,-2.25502848880237,-2.94899643369191,-5.40174208623595,-4.92065074632662,-4.05103909976531,-3.42578517166115,-2.66926454806364,0.0673927581886798,0.0130093900651098,0.0305769594320831,0.014909759266357,0.0297007985110602,0.0100170538448991,0.0195746111772681,0.0109832400213535,1000,1000.00000008027,1.00000034633551,1.000000444365,1.00000019240689,1000.0000000155,999.99999987032,0.999999398107688,1.00000015913456,0.864158982921827,-11404.8481870594,0,All
2550,4.23592243259241,2.80621682361854,2.36261859559491,2.72442938376076,2.8035560817798,2.30592557004816,2.59631254919083,2.47299203489505,2.40170624768933,1.93953881645669,1.54398385090659,1.68725504990932,1.42581700482851,1.25900849700663,1.50993339505182,1.7670038954025,1.8695479404034,1.54318865012258,2.00839279121469,1.59941590639713,-26.7497772813836,-3.93502750199466,-6.50730793131698,-7.08839364176916,-5.35453676936001,-5.66517557525116,-8.72164453348817,-8.99047869116801,-6.82550098503405,-26.395249467939,-18.1238700995671,-17.2407544798321,-24.6438605153757,-24.8223245624613,-18.0741565034552,-14.9748005052702,-16.3759303657159,-19.61920284917,-14.0059635077837,-19.5878558413546,2.68199219822906,1.52838389719892,1.55555567096163,0.906735395569924,0.505569093294629,0.505568510213577,0.542423295383888,0.645128743653648,0.999999654320567,0.839312184375599,0.686365732674007,0.484882772849465,0.338111817657018,-2.17239747673079,-2.43208221450046,-2.53270343874305,-3.08825537463575,-4.07942759687367,-4.06635251848152,-3.39971341576152,-2.76537945469865,-2.18012843545998,-1.21109320081643,-1.86506994987743,-2.26613659692425,-2.95710222084586,-5.40388573937388,-4.92616844552941,-4.06929246453147,-3.41275928640394,-2.66469504797558,0.0665270677768728,0.0150272807351111,0.0304597671599851,0.014047520383195,0.0300258438219757,0.00788732674662136,0.0210264684944068,0.0111212484468771,1000,1000.00000008027,1.00000034633551,1.000000444365,1.00000019240689,1000.0000000155,999.99999987032,0.999999398107688,1.00000015913456,0.669867497947978,-11406.0797656201,0,19/20
2600,4.23592243259241,2.82795159847344,2.33762593731059,2.70216012619135,2.79690162184879,2.27507780159539,2.57444063538899,2.48221186525424,2.4297086241463,1.95310894274978,1.54398385090659,1.69723115934681,1.46252598101467,1.27010964256239,1.52783341795524,1.76034842905781,1.88995413685882,1.56798707297358,2.03400088219844,1.57324052113434,-26.7497772813836,-3.8636385043511,-6.39932914871889,-7.12796864033666,-5.35392724201453,-5.61036323335254,-8.75459794720245,-9.04723509480719,-6.79019253401499,-26.455651296677,-18.1238700995671,-17.2014834809306,-24.6049107406572,-24.804472443802,-17.9876483851306,-14.9409154584663,-16.3171295468107,-19.6313501811647,-14.0431037902053,-19.625827474758,2.68199219822906,1.52838389719892,1.55555567096163,0.906735395569924,0.505569093294629,0.505568510213577,0.542423295383888,0.645128743653648,0.999999654320567,0.839312184375599,0.686365732674007,0.484882772849465,0.338111817657018,-2.16698175632789,-2.42250546580978,-2.52861012160182,-3.08778424353873,-4.08651938195997,-4.06212260678882,-3.39641322907284,-2.75631490467728,-2.18782566098807,-1.21461746936982,-1.87522642392316,-2.28199713572253,-2.94033483406654,-5.40530544701869,-4.93671112604579,-4.05321894833579,-3.40625181648642,-2.67515956331304,0.0666048300783445,0.01380656269557,0.0349192664493581,0.0122267413517621,0.0284352584438046,0.00820896047633528,0.0183900205386207,0.0111090485421125,1000,1000.00000008027,1.00000034633551,1.000000444365,1.00000019240689,1000.0000000155,999.99999987032,0.999999398107688,1.00000015913456,0.369677824995671,-11401.3286274287,1,19/20
2650,4.23592243259241,2.85469921123503,2.38811277992773,2.68957003567483,2.78993336451641,2.31604450374854,2.56449014001075,2.45319323857915,2.41189331811046,1.97736604147709,1.54398385090659,1.69184429998363,1.45234634927704,1.24635488892445,1.53072839282189,1.74314613833358,1.90954065887364,1.5753144419996301,2.02600123862311,1.57963697285541,-26.7497772813836,-3.83961905302839,-6.32814392018517,-7.20194978180947,-5.38949372967584,-5.64932557996707,-8.61310634706081,-9.14135956410022,-6.7249357547121,-26.498010091256,-18.1238700995671,-17.2504339896507,-24.6267449936744,-24.7367161828132,-17.9986301295848,-14.979067174692,-16.3370174232326,-19.6423241589411,-14.0085391624871,-19.646268578759,2.68199219822906,1.52838389719892,1.55555567096163,0.906735395569924,0.505569093294629,0.505568510213577,0.542423295383888,0.645128743653648,0.999999654320567,0.839312184375599,0.686365732674007,0.484882772849465,0.338111817657018,-2.15789587871909,-2.42186961053393,-2.5189313127542,-3.09286495145659,-4.0814253257863,-4.06101213554986,-3.3951593289864,-2.75792474075811,-2.18112051058628,-1.21632802899124,-1.87958991439157,-2.29489843189189,-2.93222118337867,-5.40095442884688,-4.9375367860293,-4.0554327276877,-3.42030232003841,-2.66927149900554,0.0673985096364614,0.0116099188494875,0.0349223004940096,0.0147740057852582,0.02983466874238,0.00751245482367506,0.017894889300083,0.0102315569080882,1000,1000.00000008027,1.00000034633551,1.000000444365,1.00000019240689,1000.0000000155,999.99999987032,0.999999398107688,1.00000015913456,0.429742754502072,-11402.2664926291,0,19/20
2700,4.23592243259241,2.84591300949574,2.373198656206,2.68380494343902,2.77670795580414,2.32414862031701,2.52677051719491,2.45319323857915,2.42215225213948,1.99073576330897,1.54398385090659,1.67472218655657,1.44427209750587,1.22838104186231,1.52685545739648,1.77003421859475,1.88591983876533,1.5753144419996301,2.01848485687277,1.61501621850467,-26.7497772813836,-3.76342708960172,-6.3178004004461,-7.22093864238428,-5.37274282262403,-5.63710992124935,-8.64524543398874,-9.14135956410022,-6.68537125731757,-26.5197517116142,-18.1238700995671,-17.1748421211551,-24.5086477303214,-24.7192564759812,-18.0332929653476,-15.0170132907828,-16.3070153911605,-19.6423241589411,-14.0390174167543,-19.6990679536937,2.68199219822906,1.52838389719892,1.55555567096163,0.906735395569924,0.505569093294629,0.505568510213577,0.542423295383888,0.645128743653648,0.999999654320567,0.839312184375599,0.686365732674007,0.484882772849465,0.338111817657018,-2.1505509674825,-2.41497443763715,-2.53316253625017,-3.10104837600907,-4.08431098514844,-4.05619282724194,-3.3842055061674,-2.76122517439669,-2.17626640339633,-1.21247178904904,-1.87944390428707,-2.29444624160021,-2.92907917003651,-5.40704216542747,-4.93480675273225,-4.04682521847244,-3.4213741905944,-2.67410108098788,0.0644102731311795,0.0128310328484319,0.0377692626130535,0.0128440071264588,0.0312647335666411,0.00971496257306781,0.0160267960406949,0.00763253402837045,1000,1000.00000008027,1.00000034633551,1.000000444365,1.00000019240689,1000.0000000155,999.99999987032,0.999999398107688,1.00000015913456,0.595371856349425,-11400.9632704735,1,19/20
2750,4.23592243259241,2.828145865355,2.38238917102915,2.69306560243066,2.77419466097661,2.3019392561405,2.59443964981735,2.47611643146042,2.42585900451181,1.99349900833289,1.54398385090659,1.67944692654683,1.46608255374028,1.26303550763709,1.52780388318292,1.73670795798498,1.90417839333611,1.53564685209416,1.98198280481295,1.6009246712511,-26.7497772813836,-3.82413245145088,-6.31346207043275,-7.23338143601946,-5.32576252563924,-5.63772419303228,-8.58746017824633,-9.28985640679722,-6.7248454214786,-26.5410317900745,-18.1238700995671,-17.1284155761554,-24.4996466440337,-24.8047014976545,-18.1246074005266,-15.0250054762695,-16.2879969611545,-19.6353715582763,-14.1132665273206,-19.6497387523268,2.68199219822906,1.52838389719892,1.55555567096163,0.906735395569924,0.505569093294629,0.505568510213577,0.542423295383888,0.645128743653648,0.999999654320567,0.839312184375599,0.686365732674007,0.484882772849465,0.338111817657018,-2.15126180817548,-2.41785642790579,-2.5305770636295,-3.10238976581089,-4.07621192472748,-4.0555497064497,-3.38709074670743,-2.76092557088447,-2.17565772054692,-1.20952672639812,-1.87618579369731,-2.29972467712321,-2.92541601354514,-5.40132336378278,-4.94482669841503,-4.04264132405852,-3.42056844274578,-2.66823717653261,0.065059316641871,0.0144194023496323,0.0368813327794988,0.0140201002488798,0.0316011624581053,0.0104309982852472,0.0160244257952357,0.00780423329167957,1000,1000.00000008027,1.00000034633551,1.000000444365,1.00000019240689,1000.0000000155,999.99999987032,0.999999398107688,1.00000015913456,0.464355105628325,-11398.1398640223,0,19/20
2800,4.23592243259241,2.83200555675538,2.38296713061992,2.69386546391053,2.76890586352706,2.29400224145936,2.59587198659294,2.43703323408696,2.43264619820521,1.98827265641011,1.54398385090659,1.68727663671248,1.44953279861027,1.21391589398496,1.52399869890392,1.72039993075822,1.87298421331188,1.54735857577131,1.98561915656583,1.59681472971596,-26.7497772813836,-3.84643004084589,-6.33766589111139,-7.18569834619916,-5.29791101527552,-5.62034933298049,-8.44637028665185,-9.33047546673525,-6.74242190371936,-26.502888837332,-18.1238700995671,-17.0944403252673,-24.500770711543,-24.776400331838,-18.1699189514062,-15.1264834868842,-16.3248586548372,-19.6225755014903,-14.1077317429478,-19.5889304978242,2.68199219822906,1.52838389719892,1.55555567096163,0.906735395569924,0.505569093294629,0.505568510213577,0.542423295383888,0.645128743653648,0.999999654320567,0.839312184375599,0.686365732674007,0.484882772849465,0.338111817657018,-2.1471114553852,-2.42186163223378,-2.55126357519645,-3.11076213303959,-4.0969320822287,-4.05186165635476,-3.38520093335848,-2.76208947668913,-2.17625287600019,-1.21939331084248,-1.87408107984582,-2.30420619636384,-2.9125047390738,-5.39693808139796,-4.94731946769161,-4.0471630053588,-3.40652942709566,-2.6840729198104,0.0665806744178933,0.0134084549861713,0.0337999416994094,0.0135429190948657,0.0303119830210753,0.010607213883406401,0.0159972923977665,0.0102302657886207,1000,1000.00000008027,1.00000034633551,1.000000444365,1.00000019240689,1000.0000000155,999.99999987032,0.999999398107688,1.00000015913456,0.577155359530824,-11396.0204086202,0,18/19
2850,4.23592243259241,2.83893978421333,2.37757797459882,2.67976801382379,2.76890586352706,2.2892437078336,2.57724228732056,2.45022607047857,2.43157122931724,1.98827265641011,1.54398385090659,1.68388467384156,1.47418410801333,1.23828089418774,1.52399869890392,1.74159890212852,1.88517317012522,1.53808946892503,2.02159496560669,1.59681472971596,-26.7497772813836,-3.76688838668071,-6.39016210927566,-7.23514126793702,-5.29791101527552,-5.70544827474648,-8.43461387206343,-9.35489231169338,-6.86117789419166,-26.502888837332,-18.1238700995671,-17.1323021815203,-24.4774480873956,-24.7135254120107,-18.1699189514062,-15.1042093359789,-16.2551434616915,-19.5875231914349,-14.1650885214961,-19.5889304978242,2.68199219822906,1.52838389719892,1.55555567096163,0.906735395569924,0.505569093294629,0.505568510213577,0.542423295383888,0.645128743653648,0.999999654320567,0.839312184375599,0.686365732674007,0.484882772849465,0.338111817657018,-2.14943259139162,-2.42331964804276,-2.55414796356429,-3.10232418977682,-4.09612332300277,-4.05336883486741,-3.38918649193575,-2.75914614081984,-2.18197969772306,-1.22951005494849,-1.88061328354753,-2.30208351819692,-2.91082249669666,-5.39763010574719,-4.93707645789944,-4.04579113582817,-3.40242299478982,-2.68057373360307,0.0657419841442442,0.0132144506636017,0.0337188712312272,0.0142998814676669,0.0299189639386493,0.0104260111845604,0.0166078006249821,0.00915178804761406,1000,1000.00000008027,1.00000034633551,1.000000444365,1.00000019240689,1000.0000000155,999.99999987032,0.999999398107688,1.00000015913456,0.479039785994044,-11398.0954534707,0,18/19
2900,4.23592243259241,2.84460965567169,2.36472057208344,2.70847530864495,2.78591532506039,2.28412098566933,2.59526193896904,2.45232955288938,2.44708215499089,2.01398910001614,1.54398385090659,1.67578607951519,1.44356460969975,1.25103552311664,1.53267145512802,1.73872132884809,1.8999750512057,1.52692684719388,2.00674356892051,1.6117971009244,-26.7497772813836,-3.80151763453722,-6.49099376704651,-7.15919250907388,-5.24947613407477,-5.72677970935269,-8.44509333012871,-9.39650656959002,-6.7732936565347,-26.5442100688459,-18.1238700995671,-17.2060976586791,-24.6010381705063,-24.5864338197356,-18.0697589935766,-15.1383009925326,-16.2557907713474,-19.5529387122587,-14.2096281363685,-19.5555195002054,2.68199219822906,1.52838389719892,1.55555567096163,0.906735395569924,0.505569093294629,0.505568510213577,0.542423295383888,0.645128743653648,0.999999654320567,0.839312184375599,0.686365732674007,0.484882772849465,0.338111817657018,-2.14483373368868,-2.42124321295579,-2.558088009414,-3.10178023571289,-4.08021566032629,-4.0508671584361,-3.38657581690632,-2.75846171519703,-2.17225801087703,-1.22336034092916,-1.8843096571478,-2.30650399263763,-2.9122888133618,-5.41486241923752,-4.94394039609005,-4.04952877869514,-3.39638114415327,-2.68873506269415,0.0642272137384667,0.015801126508089,0.034708034371364,0.015211102869571,0.029042010690511,0.0104638844693472,0.0182867977823532,0.00837488474523574,1000,1000.00000008027,1.00000034633551,1.000000444365,1.00000019240689,1000.0000000155,999.99999987032,0.999999398107688,1.00000015913456,0.40078569771056,-11397.485971484,1,18/19
2950,4.23592243259241,2.84342293002287,2.3462819857374,2.69250871900863,2.81514414616438,2.28150013953931,2.59139822436468,2.4432659312015,2.42609545543286,2.01398910001614,1.54398385090659,1.68245034576653,1.43953742886685,1.23246292882546,1.51404997662489,1.74471299732017,1.90451553231025,1.53006934899033,1.98128312919326,1.6117971009244,-26.7497772813836,-3.79762535430355,-6.47449685061018,-7.14460678128826,-5.23883010785313,-5.77864668721002,-8.56744137840301,-9.4443985360189,-6.71676796598112,-26.5442100688459,-18.1238700995671,-17.1438007899813,-24.6104603289256,-24.5820052344844,-18.0982505723157,-15.0926708264239,-16.2408060221724,-19.5828084682336,-14.1703378062064,-19.5555195002054,2.68199219822906,1.52838389719892,1.55555567096163,0.906735395569924,0.505569093294629,0.505568510213577,0.542423295383888,0.645128743653648,0.999999654320567,0.839312184375599,0.686365732674007,0.484882772849465,0.338111817657018,-2.13288126791837,-2.42678124369683,-2.53810971681829,-3.11718079253134,-4.09310414189331,-4.0421817660005,-3.39166797923339,-2.75365758192495,-2.18417185347928,-1.21541811574671,-1.88531189718331,-2.31464960759729,-2.9177048647352,-5.39937072032177,-4.9321010955708,-4.05212534047233,-3.39091186446847,-2.6679909089494,0.0622480565364663,0.014238024892127,0.0336309131145444,0.0181130935857843,0.0302166011793663,0.0105031957784977,0.0153470667234784,0.00948949172657359,1000,1000.00000008027,1.00000034633551,1.000000444365,1.00000019240689,1000.0000000155,999.99999987032,0.999999398107688,1.00000015913456,0.602712470881825,-11397.5007148317,0,18/19
3000,4.23592243259241,2.85442129454533,2.32824120318132,2.68293054946081,2.80112861476923,2.28493833674639,2.54599462534679,2.4432659312015,2.43707068983296,2.00432861976553,1.54398385090659,1.69582202279004,1.4704325984782,1.21156337911383,1.53989705505983,1.7534434595834,1.94212814002207,1.53006934899033,1.98570316259267,1.61204972146134,-26.7497772813836,-3.80282111659144,-6.4644072453221,-7.10909742269827,-5.17467370514517,-5.78630086873512,-8.71918600410382,-9.4443985360189,-6.63480311151879,-26.5044362795335,-18.1238700995671,-17.1592292882937,-24.6336549487843,-24.5810570685852,-18.0631674767708,-15.1317227328257,-16.2243558177831,-19.5828084682336,-14.1607099665772,-19.5227938538586,2.68199219822906,1.52838389719892,1.55555567096163,0.906735395569924,0.505569093294629,0.505568510213577,0.542423295383888,0.645128743653648,0.999999654320567,0.839312184375599,0.686365732674007,0.484882772849465,0.338111817657018,-2.13119904217185,-2.42772803941473,-2.53493757378681,-3.11953913273335,-4.08493554027882,-4.04388459838701,-3.38618713419221,-2.74824589630558,-2.1886804017184,-1.21089133308928,-1.88715328946205,-2.30758754140579,-2.92710634368635,-5.40338773867947,-4.93845332215988,-4.05251955604499,-3.39567316784319,-2.66799952690854,0.0633683999811308,0.0123065251983324,0.033784649367778,0.0163195173212951,0.030230688896113,0.0108238524600929,0.0155545523083738,0.0106056116811237,1000,1000.00000008027,1.00000034633551,1.000000444365,1.00000019240689,1000.0000000155,999.99999987032,0.999999398107688,1.00000015913456,0.455030642571581,-11399.1858102055,0,18/19
